Mall 1,Mall 2,Distance (km)
AEON Mall Taman Maluri,AEON Mall Taman Maluri,0
AEON Mall Taman Maluri,Avenue K Shopping Mall,7.613
AEON Mall Taman Maluri,Bangsar Shopping Centre,14.106
AEON Mall Taman Maluri,Berjaya Times Square,4.285
AEON Mall Taman Maluri,Brem Mall Shopping Complex,15.494
AEON Mall Taman Maluri,Bukit Bintang Plaza,4.633
AEON Mall Taman Maluri,Damansara City Mall,12.889
AEON Mall Taman Maluri,Endah Parade,14.011
AEON Mall Taman Maluri,Fahrenheit88,5.397
AEON Mall Taman Maluri,Glo Damansara Shopping Mall,18.418
AEON Mall Taman Maluri,Great Eastern Mall,7.058
AEON Mall Taman Maluri,Hartamas Shopping Centre,15.859
AEON Mall Taman Maluri,IKEA Cheras,2.331
AEON Mall Taman Maluri,"Imbi Plaza, Kuala Lumpur",4.322
AEON Mall Taman Maluri,Intermark Mall,6.736
AEON Mall Taman Maluri,KWC Fashion Wholesale,4.089
AEON Mall Taman Maluri,KL Gateway Mall,11.674
AEON Mall Taman Maluri,Lot 10,5.771
AEON Mall Taman Maluri,Lotus's Kepong,18.377
AEON Mall Taman Maluri,M3 Shopping Mall,17.738
AEON Mall Taman Maluri,Mid Valley Megamall,10.989
AEON Mall Taman Maluri,LaLaport Bukit Bintang City Centre,4.64
AEON Mall Taman Maluri,MyTOWN Shopping Centre,1.927
AEON Mall Taman Maluri,NU Sentral Shopping Mall,10.277
AEON Mall Taman Maluri,Pavillion Bukit Jalil,15.002
AEON Mall Taman Maluri,Pavillion Damansara Heights,13.193
AEON Mall Taman Maluri,Pavillion Kuala Lumpur,5.269
AEON Mall Taman Maluri,Pertama Complex | First Shopping Center,8.87
AEON Mall Taman Maluri,Plaza Low Yat @ Bukit Bintang,4.427
AEON Mall Taman Maluri,Plaza Salak Park,9.869
AEON Mall Taman Maluri,PUDU PLAZA SHOPPING MALL,4.256
AEON Mall Taman Maluri,Quill City Mall Kuala Lumpur,10.204
AEON Mall Taman Maluri,Setapak Central Mall,14.818
AEON Mall Taman Maluri,SOGO Kuala Lumpur,8.746
AEON Mall Taman Maluri,Sungei Wang Plaza,4.281
AEON Mall Taman Maluri,Sunway Putra Mall,11.767
AEON Mall Taman Maluri,Sunway Velocity Mall,1.688
AEON Mall Taman Maluri,Suria KLCC,6.794
AEON Mall Taman Maluri,The LINC KL,5.807
AEON Mall Taman Maluri,The Weld | Menara Weld,5.296
Aurora Place Bukit Jalil,AEON Mall Taman Maluri,16.906
Aurora Place Bukit Jalil,Aurora Place Bukit Jalil,0
Aurora Place Bukit Jalil,Avenue K Shopping Mall,17.393
Aurora Place Bukit Jalil,Bangsar Shopping Centre,22.027
Aurora Place Bukit Jalil,Berjaya Times Square,14.373
Aurora Place Bukit Jalil,Brem Mall Shopping Complex,26.833
Aurora Place Bukit Jalil,Bukit Bintang Plaza,14.721
Aurora Place Bukit Jalil,Damansara City Mall,20.81
Aurora Place Bukit Jalil,Endah Parade,5.272
Aurora Place Bukit Jalil,Fahrenheit88,15.299
Aurora Place Bukit Jalil,Glo Damansara Shopping Mall,19.726
Aurora Place Bukit Jalil,Great Eastern Mall,21.46
Aurora Place Bukit Jalil,Hartamas Shopping Centre,22.971
Aurora Place Bukit Jalil,IKEA Cheras,13.858
Aurora Place Bukit Jalil,"Imbi Plaza, Kuala Lumpur",17.26
Aurora Place Bukit Jalil,Intermark Mall,16.516
Aurora Place Bukit Jalil,KWC Fashion Wholesale,16.762
Aurora Place Bukit Jalil,"INC, KL Eco City",16.078
Aurora Place Bukit Jalil,KL Gateway Mall,15.515
Aurora Place Bukit Jalil,Lot 10,15.491
Aurora Place Bukit Jalil,Lotus's Kepong,28.171
Aurora Place Bukit Jalil,M3 Shopping Mall,32.14
Aurora Place Bukit Jalil,Mid Valley Megamall,15.517
Aurora Place Bukit Jalil,LaLaport Bukit Bintang City Centre,16.639
Aurora Place Bukit Jalil,MyTOWN Shopping Centre,13.628
Aurora Place Bukit Jalil,NU Sentral Shopping Mall,16.146
Aurora Place Bukit Jalil,Pavillion Bukit Jalil,0.981
Aurora Place Bukit Jalil,Pavillion Damansara Heights,21.114
Aurora Place Bukit Jalil,Pavillion Kuala Lumpur,16.412
Aurora Place Bukit Jalil,Pertama Complex | First Shopping Center,19.477
Aurora Place Bukit Jalil,Plaza Low Yat @ Bukit Bintang,17.326
Aurora Place Bukit Jalil,Plaza Salak Park,9.996
Aurora Place Bukit Jalil,PUDU PLAZA SHOPPING MALL,14.148
Aurora Place Bukit Jalil,Quill City Mall Kuala Lumpur,20.811
Aurora Place Bukit Jalil,Setapak Central Mall,23.18
Aurora Place Bukit Jalil,SOGO Kuala Lumpur,19.353
Aurora Place Bukit Jalil,The Starhill,14.59
Aurora Place Bukit Jalil,Sungei Wang Plaza,17.33
Aurora Place Bukit Jalil,Sunway Putra Mall,22.876
Aurora Place Bukit Jalil,Sunway Velocity Mall,16.793
Aurora Place Bukit Jalil,Suria KLCC,16.574
Aurora Place Bukit Jalil,The LINC KL,15.587
Aurora Place Bukit Jalil,The Weld | Menara Weld,15.384
Avenue K Shopping Mall,AEON Mall Taman Maluri,6.056
Avenue K Shopping Mall,Aurora Place Bukit Jalil,18.079
Avenue K Shopping Mall,Avenue K Shopping Mall,0
Avenue K Shopping Mall,Bangsar Shopping Centre,11.627
Avenue K Shopping Mall,Berjaya Times Square,5.037
Avenue K Shopping Mall,Brem Mall Shopping Complex,10.885
Avenue K Shopping Mall,Bukit Bintang Plaza,3.129
Avenue K Shopping Mall,Damansara City Mall,10.411
Avenue K Shopping Mall,Endah Parade,15.226
Avenue K Shopping Mall,Fahrenheit88,2.732
Avenue K Shopping Mall,Glo Damansara Shopping Mall,15.94
Avenue K Shopping Mall,Great Eastern Mall,3.354
Avenue K Shopping Mall,Hartamas Shopping Centre,10.431
Avenue K Shopping Mall,IKEA Cheras,4.309
Avenue K Shopping Mall,"Imbi Plaza, Kuala Lumpur",3.911
Avenue K Shopping Mall,Intermark Mall,1.593
Avenue K Shopping Mall,KWC Fashion Wholesale,6.305
Avenue K Shopping Mall,"INC, KL Eco City",13.176
Avenue K Shopping Mall,KL Gateway Mall,13.492
Avenue K Shopping Mall,Lot 10,2.923
Avenue K Shopping Mall,Lotus's Kepong,13.53
Avenue K Shopping Mall,M3 Shopping Mall,10.466
Avenue K Shopping Mall,Mid Valley Megamall,12.615
Avenue K Shopping Mall,LaLaport Bukit Bintang City Centre,5.392
Avenue K Shopping Mall,MyTOWN Shopping Centre,4.079
Avenue K Shopping Mall,NU Sentral Shopping Mall,10.993
Avenue K Shopping Mall,Pavillion Bukit Jalil,18.697
Avenue K Shopping Mall,Pavillion Damansara Heights,10.715
Avenue K Shopping Mall,Pavillion Kuala Lumpur,2.256
Avenue K Shopping Mall,Pertama Complex | First Shopping Center,3.175
Avenue K Shopping Mall,Plaza Low Yat @ Bukit Bintang,4.016
Avenue K Shopping Mall,Plaza Salak Park,11.073
Avenue K Shopping Mall,PUDU PLAZA SHOPPING MALL,4.813
Avenue K Shopping Mall,Quill City Mall Kuala Lumpur,4.707
Avenue K Shopping Mall,Setapak Central Mall,8.262
Avenue K Shopping Mall,SOGO Kuala Lumpur,3.06
Avenue K Shopping Mall,The Starhill,2.944
Avenue K Shopping Mall,Sungei Wang Plaza,3.87
Avenue K Shopping Mall,Sunway Putra Mall,5.447
Avenue K Shopping Mall,Sunway Velocity Mall,5.377
Avenue K Shopping Mall,Suria KLCC,1.023
Avenue K Shopping Mall,The LINC KL,0.977
Avenue K Shopping Mall,The Weld | Menara Weld,2.215
Bangsar Shopping Centre,AEON Mall Taman Maluri,11.152
Bangsar Shopping Centre,Aurora Place Bukit Jalil,13.712
Bangsar Shopping Centre,Avenue K Shopping Mall,10.147
Bangsar Shopping Centre,Bangsar Shopping Centre,0
Bangsar Shopping Centre,Berjaya Times Square,8.619
Bangsar Shopping Centre,Brem Mall Shopping Complex,10.12
Bangsar Shopping Centre,Bukit Bintang Plaza,8.931
Bangsar Shopping Centre,Damansara City Mall,1.723
Bangsar Shopping Centre,Endah Parade,15.827
Bangsar Shopping Centre,Fahrenheit88,9.256
Bangsar Shopping Centre,Glo Damansara Shopping Mall,5.536
Bangsar Shopping Centre,Great Eastern Mall,16.75
Bangsar Shopping Centre,Hartamas Shopping Centre,6.434
Bangsar Shopping Centre,IKEA Cheras,10.248
Bangsar Shopping Centre,"Imbi Plaza, Kuala Lumpur",8.353
Bangsar Shopping Centre,Intermark Mall,11.284
Bangsar Shopping Centre,KWC Fashion Wholesale,10.568
Bangsar Shopping Centre,"INC, KL Eco City",4.729
Bangsar Shopping Centre,KL Gateway Mall,5.407
Bangsar Shopping Centre,Lot 10,9.63
Bangsar Shopping Centre,Lotus's Kepong,11.482
Bangsar Shopping Centre,M3 Shopping Mall,16.779
Bangsar Shopping Centre,Mid Valley Megamall,4.168
Bangsar Shopping Centre,LaLaport Bukit Bintang City Centre,8.974
Bangsar Shopping Centre,MyTOWN Shopping Centre,13.877
Bangsar Shopping Centre,NU Sentral Shopping Mall,4.265
Bangsar Shopping Centre,Pavillion Bukit Jalil,24.028
Bangsar Shopping Centre,Pavillion Damansara Heights,2.027
Bangsar Shopping Centre,Pavillion Kuala Lumpur,8.814
Bangsar Shopping Centre,Pertama Complex | First Shopping Center,7.133
Bangsar Shopping Centre,Plaza Low Yat @ Bukit Bintang,8.419
Bangsar Shopping Centre,Plaza Salak Park,13.085
Bangsar Shopping Centre,PUDU PLAZA SHOPPING MALL,10.957
Bangsar Shopping Centre,Quill City Mall Kuala Lumpur,8.479
Bangsar Shopping Centre,Setapak Central Mall,13.1
Bangsar Shopping Centre,SOGO Kuala Lumpur,7.009
Bangsar Shopping Centre,The Starhill,8.8
Bangsar Shopping Centre,Sungei Wang Plaza,8.423
Bangsar Shopping Centre,Sunway Putra Mall,8.47
Bangsar Shopping Centre,Sunway Velocity Mall,11.039
Bangsar Shopping Centre,Suria KLCC,10.084
Bangsar Shopping Centre,The LINC KL,11.694
Bangsar Shopping Centre,The Weld | Menara Weld,7.935
Berjaya Times Square,AEON Mall Taman Maluri,3.425
Berjaya Times Square,Aurora Place Bukit Jalil,15.576
Berjaya Times Square,Avenue K Shopping Mall,4.079
Berjaya Times Square,Bangsar Shopping Centre,9.079
Berjaya Times Square,Berjaya Times Square,0
Berjaya Times Square,Brem Mall Shopping Complex,11.297
Berjaya Times Square,Bukit Bintang Plaza,2.142
Berjaya Times Square,Damansara City Mall,7.863
Berjaya Times Square,Endah Parade,13.369
Berjaya Times Square,Fahrenheit88,2.264
Berjaya Times Square,Glo Damansara Shopping Mall,13.391
Berjaya Times Square,Great Eastern Mall,8.605
Berjaya Times Square,Hartamas Shopping Centre,10.832
Berjaya Times Square,IKEA Cheras,2.313
Berjaya Times Square,"Imbi Plaza, Kuala Lumpur",2.391
Berjaya Times Square,Intermark Mall,7.169
Berjaya Times Square,KWC Fashion Wholesale,1.267
Berjaya Times Square,"INC, KL Eco City",7.779
Berjaya Times Square,KL Gateway Mall,7.903
Berjaya Times Square,Lot 10,2.638
Berjaya Times Square,Lotus's Kepong,15.223
Berjaya Times Square,M3 Shopping Mall,16.488
Berjaya Times Square,Mid Valley Megamall,7.218
Berjaya Times Square,LaLaport Bukit Bintang City Centre,0.355
Berjaya Times Square,MyTOWN Shopping Centre,3.991
Berjaya Times Square,NU Sentral Shopping Mall,5.429
Berjaya Times Square,Pavillion Bukit Jalil,16.194
Berjaya Times Square,Pavillion Damansara Heights,8.167
Berjaya Times Square,Pavillion Kuala Lumpur,2.778
Berjaya Times Square,Pertama Complex | First Shopping Center,4.673
Berjaya Times Square,Plaza Low Yat @ Bukit Bintang,2.457
Berjaya Times Square,Plaza Salak Park,8.452
Berjaya Times Square,PUDU PLAZA SHOPPING MALL,1.329
Berjaya Times Square,Quill City Mall Kuala Lumpur,6.007
Berjaya Times Square,Setapak Central Mall,14.558
Berjaya Times Square,SOGO Kuala Lumpur,4.549
Berjaya Times Square,The Starhill,2.011
Berjaya Times Square,Sungei Wang Plaza,1.79
Berjaya Times Square,Sunway Putra Mall,9.928
Berjaya Times Square,Sunway Velocity Mall,2.745
Berjaya Times Square,Suria KLCC,7.228
Berjaya Times Square,The LINC KL,6.241
Berjaya Times Square,The Weld | Menara Weld,2.805
Brem Mall Shopping Complex,AEON Mall Taman Maluri,15.691
Brem Mall Shopping Complex,Aurora Place Bukit Jalil,26.446
Brem Mall Shopping Complex,Avenue K Shopping Mall,10.077
Brem Mall Shopping Complex,Bangsar Shopping Centre,11.064
Brem Mall Shopping Complex,Berjaya Times Square,12.649
Brem Mall Shopping Complex,Brem Mall Shopping Complex,0
Brem Mall Shopping Complex,Bukit Bintang Plaza,12.961
Brem Mall Shopping Complex,Damansara City Mall,9.847
Brem Mall Shopping Complex,Endah Parade,25.456
Brem Mall Shopping Complex,Fahrenheit88,13.627
Brem Mall Shopping Complex,Glo Damansara Shopping Mall,15.589
Brem Mall Shopping Complex,Great Eastern Mall,16.462
Brem Mall Shopping Complex,Hartamas Shopping Centre,8.687
Brem Mall Shopping Complex,IKEA Cheras,14.539
Brem Mall Shopping Complex,"Imbi Plaza, Kuala Lumpur",12.383
Brem Mall Shopping Complex,Intermark Mall,10.811
Brem Mall Shopping Complex,KWC Fashion Wholesale,13.175
Brem Mall Shopping Complex,"INC, KL Eco City",16.374
Brem Mall Shopping Complex,KL Gateway Mall,15.743
Brem Mall Shopping Complex,Lot 10,13.818
Brem Mall Shopping Complex,Lotus's Kepong,6.353
Brem Mall Shopping Complex,M3 Shopping Mall,10.624
Brem Mall Shopping Complex,Mid Valley Megamall,16.08
Brem Mall Shopping Complex,LaLaport Bukit Bintang City Centre,13.004
Brem Mall Shopping Complex,MyTOWN Shopping Centre,14.309
Brem Mall Shopping Complex,NU Sentral Shopping Mall,12.23
Brem Mall Shopping Complex,Pavillion Bukit Jalil,27.065
Brem Mall Shopping Complex,Pavillion Damansara Heights,10.151
Brem Mall Shopping Complex,Pavillion Kuala Lumpur,10.484
Brem Mall Shopping Complex,Pertama Complex | First Shopping Center,9.74
Brem Mall Shopping Complex,Plaza Low Yat @ Bukit Bintang,12.449
Brem Mall Shopping Complex,Plaza Salak Park,19.322
Brem Mall Shopping Complex,PUDU PLAZA SHOPPING MALL,13.507
Brem Mall Shopping Complex,Quill City Mall Kuala Lumpur,8.409
Brem Mall Shopping Complex,Setapak Central Mall,11.05
Brem Mall Shopping Complex,SOGO Kuala Lumpur,9.616
Brem Mall Shopping Complex,The Starhill,12.83
Brem Mall Shopping Complex,Sungei Wang Plaza,12.453
Brem Mall Shopping Complex,Sunway Putra Mall,7.998
Brem Mall Shopping Complex,Sunway Velocity Mall,15.579
Brem Mall Shopping Complex,Suria KLCC,10.014
Brem Mall Shopping Complex,The LINC KL,11.222
Brem Mall Shopping Complex,The Weld | Menara Weld,9.778
Bukit Bintang Plaza,AEON Mall Taman Maluri,4.582
Bukit Bintang Plaza,Aurora Place Bukit Jalil,16.484
Bukit Bintang Plaza,Avenue K Shopping Mall,2.756
Bukit Bintang Plaza,Bangsar Shopping Centre,7.964
Bukit Bintang Plaza,Berjaya Times Square,0.629
Bukit Bintang Plaza,Brem Mall Shopping Complex,10.519
Bukit Bintang Plaza,Bukit Bintang Plaza,0
Bukit Bintang Plaza,Damansara City Mall,6.748
Bukit Bintang Plaza,Endah Parade,14.277
Bukit Bintang Plaza,Fahrenheit88,1.145
Bukit Bintang Plaza,Glo Damansara Shopping Mall,12.276
Bukit Bintang Plaza,Great Eastern Mall,8.112
Bukit Bintang Plaza,Hartamas Shopping Centre,9.717
Bukit Bintang Plaza,IKEA Cheras,3.902
Bukit Bintang Plaza,"Imbi Plaza, Kuala Lumpur",0.317
Bukit Bintang Plaza,Intermark Mall,4.714
Bukit Bintang Plaza,KWC Fashion Wholesale,1.896
Bukit Bintang Plaza,"INC, KL Eco City",8.408
Bukit Bintang Plaza,KL Gateway Mall,8.532
Bukit Bintang Plaza,Lot 10,1.518
Bukit Bintang Plaza,Lotus's Kepong,13.401
Bukit Bintang Plaza,M3 Shopping Mall,18.792
Bukit Bintang Plaza,Mid Valley Megamall,7.847
Bukit Bintang Plaza,LaLaport Bukit Bintang City Centre,0.984
Bukit Bintang Plaza,MyTOWN Shopping Centre,3.498
Bukit Bintang Plaza,NU Sentral Shopping Mall,5.436
Bukit Bintang Plaza,Pavillion Bukit Jalil,17.103
Bukit Bintang Plaza,Pavillion Damansara Heights,7.052
Bukit Bintang Plaza,Pavillion Kuala Lumpur,1.455
Bukit Bintang Plaza,Pertama Complex | First Shopping Center,3.883
Bukit Bintang Plaza,Plaza Low Yat @ Bukit Bintang,0.169
Bukit Bintang Plaza,Plaza Salak Park,9.36
Bukit Bintang Plaza,PUDU PLAZA SHOPPING MALL,1.739
Bukit Bintang Plaza,Quill City Mall Kuala Lumpur,5.229
Bukit Bintang Plaza,Setapak Central Mall,11.378
Bukit Bintang Plaza,SOGO Kuala Lumpur,3.665
Bukit Bintang Plaza,The Starhill,0.689
Bukit Bintang Plaza,Sungei Wang Plaza,0.146
Bukit Bintang Plaza,Sunway Putra Mall,6.792
Bukit Bintang Plaza,Sunway Velocity Mall,3.155
Bukit Bintang Plaza,Suria KLCC,2.387
Bukit Bintang Plaza,The LINC KL,3.785
Bukit Bintang Plaza,The Weld | Menara Weld,1.483
Damansara City Mall,AEON Mall Taman Maluri,11.528
Damansara City Mall,Aurora Place Bukit Jalil,13.97
Damansara City Mall,Avenue K Shopping Mall,9.382
Damansara City Mall,Bangsar Shopping Centre,1.482
Damansara City Mall,Berjaya Times Square,8.995
Damansara City Mall,Brem Mall Shopping Complex,9.355
Damansara City Mall,Bukit Bintang Plaza,9.307
Damansara City Mall,Damansara City Mall,0
Damansara City Mall,Endah Parade,16.084
Damansara City Mall,Fahrenheit88,9.632
Damansara City Mall,Glo Damansara Shopping Mall,5.794
Damansara City Mall,Great Eastern Mall,17.126
Damansara City Mall,Hartamas Shopping Centre,6.692
Damansara City Mall,IKEA Cheras,10.624
Damansara City Mall,"Imbi Plaza, Kuala Lumpur",8.729
Damansara City Mall,Intermark Mall,10.518
Damansara City Mall,KWC Fashion Wholesale,9.803
Damansara City Mall,"INC, KL Eco City",6.684
Damansara City Mall,KL Gateway Mall,5.994
Damansara City Mall,Lot 10,8.716
Damansara City Mall,Lotus's Kepong,10.717
Damansara City Mall,M3 Shopping Mall,16.014
Damansara City Mall,Mid Valley Megamall,6.39
Damansara City Mall,LaLaport Bukit Bintang City Centre,9.35
Damansara City Mall,MyTOWN Shopping Centre,14.253
Damansara City Mall,NU Sentral Shopping Mall,6.368
Damansara City Mall,Pavillion Bukit Jalil,24.286
Damansara City Mall,Pavillion Damansara Heights,0.304
Damansara City Mall,Pavillion Kuala Lumpur,8.049
Damansara City Mall,Pertama Complex | First Shopping Center,6.368
Damansara City Mall,Plaza Low Yat @ Bukit Bintang,8.795
Damansara City Mall,Plaza Salak Park,13.46
Damansara City Mall,PUDU PLAZA SHOPPING MALL,8.517
Damansara City Mall,Quill City Mall Kuala Lumpur,7.714
Damansara City Mall,Setapak Central Mall,12.335
Damansara City Mall,SOGO Kuala Lumpur,6.244
Damansara City Mall,The Starhill,9.176
Damansara City Mall,Sungei Wang Plaza,8.798
Damansara City Mall,Sunway Putra Mall,7.705
Damansara City Mall,Sunway Velocity Mall,11.415
Damansara City Mall,Suria KLCC,9.319
Damansara City Mall,The LINC KL,10.929
Damansara City Mall,The Weld | Menara Weld,7.17
Endah Parade,AEON Mall Taman Maluri,11.491
Endah Parade,Aurora Place Bukit Jalil,3.957
Endah Parade,Avenue K Shopping Mall,15.14
Endah Parade,Bangsar Shopping Centre,16.612
Endah Parade,Berjaya Times Square,12.169
Endah Parade,Brem Mall Shopping Complex,21.419
Endah Parade,Bukit Bintang Plaza,12.516
Endah Parade,Damansara City Mall,15.396
Endah Parade,Endah Parade,0
Endah Parade,Fahrenheit88,12.837
Endah Parade,Glo Damansara Shopping Mall,16.721
Endah Parade,Great Eastern Mall,15.71
Endah Parade,Hartamas Shopping Centre,17.556
Endah Parade,IKEA Cheras,12.632
Endah Parade,"Imbi Plaza, Kuala Lumpur",11.846
Endah Parade,Intermark Mall,14.263
Endah Parade,KWC Fashion Wholesale,11.347
Endah Parade,"INC, KL Eco City",10.663
Endah Parade,KL Gateway Mall,10.1
Endah Parade,Lot 10,13.028
Endah Parade,Lotus's Kepong,22.756
Endah Parade,M3 Shopping Mall,26.39
Endah Parade,Mid Valley Megamall,10.103
Endah Parade,LaLaport Bukit Bintang City Centre,11.225
Endah Parade,MyTOWN Shopping Centre,12.402
Endah Parade,NU Sentral Shopping Mall,10.732
Endah Parade,Pavillion Bukit Jalil,4.576
Endah Parade,Pavillion Damansara Heights,15.7
Endah Parade,Pavillion Kuala Lumpur,14.158
Endah Parade,Pertama Complex | First Shopping Center,14.062
Endah Parade,Plaza Low Yat @ Bukit Bintang,11.912
Endah Parade,Plaza Salak Park,4.581
Endah Parade,PUDU PLAZA SHOPPING MALL,12.922
Endah Parade,Quill City Mall Kuala Lumpur,15.396
Endah Parade,Setapak Central Mall,20.926
Endah Parade,SOGO Kuala Lumpur,13.938
Endah Parade,The Starhill,12.386
Endah Parade,Sungei Wang Plaza,11.915
Endah Parade,Sunway Putra Mall,17.461
Endah Parade,Sunway Velocity Mall,11.379
Endah Parade,Suria KLCC,14.321
Endah Parade,The LINC KL,13.334
Endah Parade,The Weld | Menara Weld,13.18
Fahrenheit88,AEON Mall Taman Maluri,4.629
Fahrenheit88,Aurora Place Bukit Jalil,16.531
Fahrenheit88,Avenue K Shopping Mall,2.208
Fahrenheit88,Bangsar Shopping Centre,9.854
Fahrenheit88,Berjaya Times Square,0.775
Fahrenheit88,Brem Mall Shopping Complex,9.603
Fahrenheit88,Bukit Bintang Plaza,0.3
Fahrenheit88,Damansara City Mall,8.637
Fahrenheit88,Endah Parade,13.592
Fahrenheit88,Fahrenheit88,0
Fahrenheit88,Glo Damansara Shopping Mall,14.166
Fahrenheit88,Great Eastern Mall,8.16
Fahrenheit88,Hartamas Shopping Centre,9.15
Fahrenheit88,IKEA Cheras,3.95
Fahrenheit88,"Imbi Plaza, Kuala Lumpur",0.616
Fahrenheit88,Intermark Mall,4.114
Fahrenheit88,KWC Fashion Wholesale,2.042
Fahrenheit88,"INC, KL Eco City",8.553
Fahrenheit88,KL Gateway Mall,8.678
Fahrenheit88,Lot 10,0.094
Fahrenheit88,Lotus's Kepong,12.485
Fahrenheit88,M3 Shopping Mall,12.708
Fahrenheit88,Mid Valley Megamall,7.992
Fahrenheit88,LaLaport Bukit Bintang City Centre,1.129
Fahrenheit88,MyTOWN Shopping Centre,3.546
Fahrenheit88,NU Sentral Shopping Mall,5.652
Fahrenheit88,Pavillion Bukit Jalil,17.15
Fahrenheit88,Pavillion Damansara Heights,8.941
Fahrenheit88,Pavillion Kuala Lumpur,0.856
Fahrenheit88,Pertama Complex | First Shopping Center,3.233
Fahrenheit88,Plaza Low Yat @ Bukit Bintang,0.468
Fahrenheit88,Plaza Salak Park,9.407
Fahrenheit88,PUDU PLAZA SHOPPING MALL,1.647
Fahrenheit88,Quill City Mall Kuala Lumpur,4.074
Fahrenheit88,Setapak Central Mall,10.778
Fahrenheit88,SOGO Kuala Lumpur,3.117
Fahrenheit88,The Starhill,0.115
Fahrenheit88,Sungei Wang Plaza,0.446
Fahrenheit88,Sunway Putra Mall,5.876
Fahrenheit88,Sunway Velocity Mall,3.371
Fahrenheit88,Suria KLCC,1.839
Fahrenheit88,The LINC KL,3.185
Fahrenheit88,The Weld | Menara Weld,0.934
Glo Damansara Shopping Mall,AEON Mall Taman Maluri,16.194
Glo Damansara Shopping Mall,Aurora Place Bukit Jalil,20.644
Glo Damansara Shopping Mall,Avenue K Shopping Mall,14.048
Glo Damansara Shopping Mall,Bangsar Shopping Centre,6.582
Glo Damansara Shopping Mall,Berjaya Times Square,13.661
Glo Damansara Shopping Mall,Brem Mall Shopping Complex,13.081
Glo Damansara Shopping Mall,Bukit Bintang Plaza,13.973
Glo Damansara Shopping Mall,Damansara City Mall,5.727
Glo Damansara Shopping Mall,Endah Parade,17.898
Glo Damansara Shopping Mall,Fahrenheit88,14.298
Glo Damansara Shopping Mall,Glo Damansara Shopping Mall,0
Glo Damansara Shopping Mall,Great Eastern Mall,21.792
Glo Damansara Shopping Mall,Hartamas Shopping Centre,7.597
Glo Damansara Shopping Mall,IKEA Cheras,15.716
Glo Damansara Shopping Mall,"Imbi Plaza, Kuala Lumpur",13.395
Glo Damansara Shopping Mall,Intermark Mall,15.185
Glo Damansara Shopping Mall,KWC Fashion Wholesale,14.469
Glo Damansara Shopping Mall,"INC, KL Eco City",8.498
Glo Damansara Shopping Mall,KL Gateway Mall,9.84
Glo Damansara Shopping Mall,Lot 10,13.382
Glo Damansara Shopping Mall,Lotus's Kepong,10.571
Glo Damansara Shopping Mall,M3 Shopping Mall,19.739
Glo Damansara Shopping Mall,Mid Valley Megamall,8.203
Glo Damansara Shopping Mall,LaLaport Bukit Bintang City Centre,14.016
Glo Damansara Shopping Mall,MyTOWN Shopping Centre,15.723
Glo Damansara Shopping Mall,NU Sentral Shopping Mall,10.503
Glo Damansara Shopping Mall,Pavillion Bukit Jalil,20.799
Glo Damansara Shopping Mall,Pavillion Damansara Heights,6.031
Glo Damansara Shopping Mall,Pavillion Kuala Lumpur,12.715
Glo Damansara Shopping Mall,Pertama Complex | First Shopping Center,11.034
Glo Damansara Shopping Mall,Plaza Low Yat @ Bukit Bintang,13.461
Glo Damansara Shopping Mall,Plaza Salak Park,18.127
Glo Damansara Shopping Mall,PUDU PLAZA SHOPPING MALL,13.183
Glo Damansara Shopping Mall,Quill City Mall Kuala Lumpur,12.38
Glo Damansara Shopping Mall,Setapak Central Mall,17.001
Glo Damansara Shopping Mall,SOGO Kuala Lumpur,10.91
Glo Damansara Shopping Mall,The Starhill,13.842
Glo Damansara Shopping Mall,Sungei Wang Plaza,13.464
Glo Damansara Shopping Mall,Sunway Putra Mall,12.371
Glo Damansara Shopping Mall,Sunway Velocity Mall,16.081
Glo Damansara Shopping Mall,Suria KLCC,13.985
Glo Damansara Shopping Mall,The LINC KL,15.595
Glo Damansara Shopping Mall,The Weld | Menara Weld,11.836
Great Eastern Mall,AEON Mall Taman Maluri,6.65
Great Eastern Mall,Aurora Place Bukit Jalil,19.748
Great Eastern Mall,Avenue K Shopping Mall,3.968
Great Eastern Mall,Bangsar Shopping Centre,13.397
Great Eastern Mall,Berjaya Times Square,5.743
Great Eastern Mall,Brem Mall Shopping Complex,12.655
Great Eastern Mall,Bukit Bintang Plaza,4.499
Great Eastern Mall,Damansara City Mall,12.181
Great Eastern Mall,Endah Parade,15.931
Great Eastern Mall,Fahrenheit88,4.102
Great Eastern Mall,Glo Damansara Shopping Mall,17.71
Great Eastern Mall,Great Eastern Mall,0
Great Eastern Mall,Hartamas Shopping Centre,17.446
Great Eastern Mall,IKEA Cheras,5.015
Great Eastern Mall,"Imbi Plaza, Kuala Lumpur",4.616
Great Eastern Mall,Intermark Mall,2.97
Great Eastern Mall,KWC Fashion Wholesale,7.01
Great Eastern Mall,"INC, KL Eco City",14.761
Great Eastern Mall,KL Gateway Mall,14.198
Great Eastern Mall,Lot 10,4.293
Great Eastern Mall,Lotus's Kepong,16.927
Great Eastern Mall,M3 Shopping Mall,9.259
Great Eastern Mall,Mid Valley Megamall,14.201
Great Eastern Mall,LaLaport Bukit Bintang City Centre,6.098
Great Eastern Mall,MyTOWN Shopping Centre,4.785
Great Eastern Mall,NU Sentral Shopping Mall,12.763
Great Eastern Mall,Pavillion Bukit Jalil,20.367
Great Eastern Mall,Pavillion Damansara Heights,12.485
Great Eastern Mall,Pavillion Kuala Lumpur,4.541
Great Eastern Mall,Pertama Complex | First Shopping Center,7.682
Great Eastern Mall,Plaza Low Yat @ Bukit Bintang,4.722
Great Eastern Mall,Plaza Salak Park,11.779
Great Eastern Mall,PUDU PLAZA SHOPPING MALL,5.518
Great Eastern Mall,Quill City Mall Kuala Lumpur,6.477
Great Eastern Mall,Setapak Central Mall,8.463
Great Eastern Mall,SOGO Kuala Lumpur,7.566
Great Eastern Mall,The Starhill,4.315
Great Eastern Mall,Sungei Wang Plaza,4.576
Great Eastern Mall,Sunway Putra Mall,7.218
Great Eastern Mall,Sunway Velocity Mall,6.083
Great Eastern Mall,Suria KLCC,3.436
Great Eastern Mall,The LINC KL,2.522
Great Eastern Mall,The Weld | Menara Weld,6.51
Hartamas Shopping Centre,AEON Mall Taman Maluri,14.035
Hartamas Shopping Centre,Aurora Place Bukit Jalil,16.55
Hartamas Shopping Centre,Avenue K Shopping Mall,8.358
Hartamas Shopping Centre,Bangsar Shopping Centre,7.351
Hartamas Shopping Centre,Berjaya Times Square,11.502
Hartamas Shopping Centre,Brem Mall Shopping Complex,7.14
Hartamas Shopping Centre,Bukit Bintang Plaza,11.814
Hartamas Shopping Centre,Damansara City Mall,4.896
Hartamas Shopping Centre,Endah Parade,18.664
Hartamas Shopping Centre,Fahrenheit88,11.907
Hartamas Shopping Centre,Glo Damansara Shopping Mall,7.7
Hartamas Shopping Centre,Great Eastern Mall,12.754
Hartamas Shopping Centre,Hartamas Shopping Centre,0
Hartamas Shopping Centre,IKEA Cheras,12.82
Hartamas Shopping Centre,"Imbi Plaza, Kuala Lumpur",11.236
Hartamas Shopping Centre,Intermark Mall,9.092
Hartamas Shopping Centre,KWC Fashion Wholesale,11.455
Hartamas Shopping Centre,"INC, KL Eco City",9.264
Hartamas Shopping Centre,KL Gateway Mall,10.607
Hartamas Shopping Centre,Lot 10,12.099
Hartamas Shopping Centre,Lotus's Kepong,8.502
Hartamas Shopping Centre,M3 Shopping Mall,13.799
Hartamas Shopping Centre,Mid Valley Megamall,8.97
Hartamas Shopping Centre,LaLaport Bukit Bintang City Centre,11.857
Hartamas Shopping Centre,MyTOWN Shopping Centre,12.59
Hartamas Shopping Centre,NU Sentral Shopping Mall,8.876
Hartamas Shopping Centre,Pavillion Bukit Jalil,17.168
Hartamas Shopping Centre,Pavillion Damansara Heights,5.2
Hartamas Shopping Centre,Pavillion Kuala Lumpur,8.765
Hartamas Shopping Centre,Pertama Complex | First Shopping Center,8.02
Hartamas Shopping Centre,Plaza Low Yat @ Bukit Bintang,11.302
Hartamas Shopping Centre,Plaza Salak Park,15.968
Hartamas Shopping Centre,PUDU PLAZA SHOPPING MALL,11.788
Hartamas Shopping Centre,Quill City Mall Kuala Lumpur,6.69
Hartamas Shopping Centre,Setapak Central Mall,10.909
Hartamas Shopping Centre,SOGO Kuala Lumpur,7.897
Hartamas Shopping Centre,The Starhill,11.683
Hartamas Shopping Centre,Sungei Wang Plaza,11.306
Hartamas Shopping Centre,Sunway Putra Mall,6.279
Hartamas Shopping Centre,Sunway Velocity Mall,13.922
Hartamas Shopping Centre,Suria KLCC,8.295
Hartamas Shopping Centre,The LINC KL,9.503
Hartamas Shopping Centre,The Weld | Menara Weld,8.058
IKEA Cheras,AEON Mall Taman Maluri,22.246
IKEA Cheras,Aurora Place Bukit Jalil,14.68
IKEA Cheras,Avenue K Shopping Mall,25.895
IKEA Cheras,Bangsar Shopping Centre,27.367
IKEA Cheras,Berjaya Times Square,22.924
IKEA Cheras,Brem Mall Shopping Complex,32.174
IKEA Cheras,Bukit Bintang Plaza,23.272
IKEA Cheras,Damansara City Mall,26.151
IKEA Cheras,Endah Parade,11.827
IKEA Cheras,Fahrenheit88,23.592
IKEA Cheras,Glo Damansara Shopping Mall,27.476
IKEA Cheras,Great Eastern Mall,26.465
IKEA Cheras,Hartamas Shopping Centre,28.312
IKEA Cheras,IKEA Cheras,0
IKEA Cheras,"Imbi Plaza, Kuala Lumpur",22.601
IKEA Cheras,Intermark Mall,25.018
IKEA Cheras,KWC Fashion Wholesale,22.103
IKEA Cheras,"INC, KL Eco City",21.419
IKEA Cheras,KL Gateway Mall,20.855
IKEA Cheras,Lot 10,23.784
IKEA Cheras,Lotus's Kepong,33.511
IKEA Cheras,M3 Shopping Mall,37.145
IKEA Cheras,Mid Valley Megamall,20.858
IKEA Cheras,LaLaport Bukit Bintang City Centre,21.98
IKEA Cheras,MyTOWN Shopping Centre,0.007
IKEA Cheras,NU Sentral Shopping Mall,21.487
IKEA Cheras,Pavillion Bukit Jalil,15.299
IKEA Cheras,Pavillion Damansara Heights,26.455
IKEA Cheras,Pavillion Kuala Lumpur,24.913
IKEA Cheras,Pertama Complex | First Shopping Center,24.817
IKEA Cheras,Plaza Low Yat @ Bukit Bintang,22.667
IKEA Cheras,Plaza Salak Park,15.336
IKEA Cheras,PUDU PLAZA SHOPPING MALL,22.352
IKEA Cheras,Quill City Mall Kuala Lumpur,26.152
IKEA Cheras,Setapak Central Mall,31.682
IKEA Cheras,SOGO Kuala Lumpur,24.694
IKEA Cheras,The Starhill,23.141
IKEA Cheras,Sungei Wang Plaza,22.671
IKEA Cheras,Sunway Putra Mall,28.216
IKEA Cheras,Sunway Velocity Mall,22.134
IKEA Cheras,Suria KLCC,25.076
IKEA Cheras,The LINC KL,24.089
IKEA Cheras,The Weld | Menara Weld,23.935
"Imbi Plaza, Kuala Lumpur",AEON Mall Taman Maluri,4.219
"Imbi Plaza, Kuala Lumpur",Aurora Place Bukit Jalil,16.121
"Imbi Plaza, Kuala Lumpur",Avenue K Shopping Mall,2.414
"Imbi Plaza, Kuala Lumpur",Bangsar Shopping Centre,9.345
"Imbi Plaza, Kuala Lumpur",Berjaya Times Square,0.266
"Imbi Plaza, Kuala Lumpur",Brem Mall Shopping Complex,9.81
"Imbi Plaza, Kuala Lumpur",Bukit Bintang Plaza,0.478
"Imbi Plaza, Kuala Lumpur",Damansara City Mall,8.129
"Imbi Plaza, Kuala Lumpur",Endah Parade,13.914
"Imbi Plaza, Kuala Lumpur",Fahrenheit88,0.803
"Imbi Plaza, Kuala Lumpur",Glo Damansara Shopping Mall,13.658
"Imbi Plaza, Kuala Lumpur",Great Eastern Mall,7.749
"Imbi Plaza, Kuala Lumpur",Hartamas Shopping Centre,11.098
"Imbi Plaza, Kuala Lumpur",IKEA Cheras,3.54
"Imbi Plaza, Kuala Lumpur","Imbi Plaza, Kuala Lumpur",0
"Imbi Plaza, Kuala Lumpur",Intermark Mall,4.372
"Imbi Plaza, Kuala Lumpur",KWC Fashion Wholesale,1.534
"Imbi Plaza, Kuala Lumpur","INC, KL Eco City",8.045
"Imbi Plaza, Kuala Lumpur",KL Gateway Mall,8.169
"Imbi Plaza, Kuala Lumpur",Lot 10,1.177
"Imbi Plaza, Kuala Lumpur",Lotus's Kepong,12.692
"Imbi Plaza, Kuala Lumpur",M3 Shopping Mall,18.429
"Imbi Plaza, Kuala Lumpur",Mid Valley Megamall,7.484
"Imbi Plaza, Kuala Lumpur",LaLaport Bukit Bintang City Centre,0.621
"Imbi Plaza, Kuala Lumpur",MyTOWN Shopping Centre,3.135
"Imbi Plaza, Kuala Lumpur",NU Sentral Shopping Mall,5.696
"Imbi Plaza, Kuala Lumpur",Pavillion Bukit Jalil,16.74
"Imbi Plaza, Kuala Lumpur",Pavillion Damansara Heights,8.433
"Imbi Plaza, Kuala Lumpur",Pavillion Kuala Lumpur,1.114
"Imbi Plaza, Kuala Lumpur",Pertama Complex | First Shopping Center,3.439
"Imbi Plaza, Kuala Lumpur",Plaza Low Yat @ Bukit Bintang,0.081
"Imbi Plaza, Kuala Lumpur",Plaza Salak Park,8.997
"Imbi Plaza, Kuala Lumpur",PUDU PLAZA SHOPPING MALL,1.595
"Imbi Plaza, Kuala Lumpur",Quill City Mall Kuala Lumpur,6.273
"Imbi Plaza, Kuala Lumpur",Setapak Central Mall,11.036
"Imbi Plaza, Kuala Lumpur",SOGO Kuala Lumpur,3.324
"Imbi Plaza, Kuala Lumpur",The Starhill,0.347
"Imbi Plaza, Kuala Lumpur",Sungei Wang Plaza,0.016
"Imbi Plaza, Kuala Lumpur",Sunway Putra Mall,6.082
"Imbi Plaza, Kuala Lumpur",Sunway Velocity Mall,3.011
"Imbi Plaza, Kuala Lumpur",Suria KLCC,2.046
"Imbi Plaza, Kuala Lumpur",The LINC KL,3.443
"Imbi Plaza, Kuala Lumpur",The Weld | Menara Weld,1.141
Intermark Mall,AEON Mall Taman Maluri,5.49
Intermark Mall,Aurora Place Bukit Jalil,17.513
Intermark Mall,Avenue K Shopping Mall,1.73
Intermark Mall,Bangsar Shopping Centre,10.887
Intermark Mall,Berjaya Times Square,4.471
Intermark Mall,Brem Mall Shopping Complex,10.144
Intermark Mall,Bukit Bintang Plaza,3.227
Intermark Mall,Damansara City Mall,9.67
Intermark Mall,Endah Parade,14.66
Intermark Mall,Fahrenheit88,2.83
Intermark Mall,Glo Damansara Shopping Mall,15.199
Intermark Mall,Great Eastern Mall,2.772
Intermark Mall,Hartamas Shopping Centre,9.691
Intermark Mall,IKEA Cheras,3.743
Intermark Mall,"Imbi Plaza, Kuala Lumpur",3.345
Intermark Mall,Intermark Mall,0
Intermark Mall,KWC Fashion Wholesale,5.739
Intermark Mall,"INC, KL Eco City",12.435
Intermark Mall,KL Gateway Mall,12.926
Intermark Mall,Lot 10,3.022
Intermark Mall,Lotus's Kepong,12.79
Intermark Mall,M3 Shopping Mall,9.884
Intermark Mall,Mid Valley Megamall,11.875
Intermark Mall,LaLaport Bukit Bintang City Centre,4.826
Intermark Mall,MyTOWN Shopping Centre,3.513
Intermark Mall,NU Sentral Shopping Mall,10.252
Intermark Mall,Pavillion Bukit Jalil,18.131
Intermark Mall,Pavillion Damansara Heights,9.974
Intermark Mall,Pavillion Kuala Lumpur,2.353
Intermark Mall,Pertama Complex | First Shopping Center,4.558
Intermark Mall,Plaza Low Yat @ Bukit Bintang,3.45
Intermark Mall,Plaza Salak Park,10.507
Intermark Mall,PUDU PLAZA SHOPPING MALL,4.246
Intermark Mall,Quill City Mall Kuala Lumpur,3.967
Intermark Mall,Setapak Central Mall,7.522
Intermark Mall,SOGO Kuala Lumpur,4.442
Intermark Mall,The Starhill,3.043
Intermark Mall,Sungei Wang Plaza,3.304
Intermark Mall,Sunway Putra Mall,4.707
Intermark Mall,Sunway Velocity Mall,4.811
Intermark Mall,Suria KLCC,1.22
Intermark Mall,The LINC KL,0.411
Intermark Mall,The Weld | Menara Weld,3.386
KWC Fashion Wholesale,AEON Mall Taman Maluri,3.158
KWC Fashion Wholesale,Aurora Place Bukit Jalil,15.135
KWC Fashion Wholesale,Avenue K Shopping Mall,6.942
KWC Fashion Wholesale,Bangsar Shopping Centre,8.302
KWC Fashion Wholesale,Berjaya Times Square,2.206
KWC Fashion Wholesale,Brem Mall Shopping Complex,10.846
KWC Fashion Wholesale,Bukit Bintang Plaza,2.517
KWC Fashion Wholesale,Damansara City Mall,7.086
KWC Fashion Wholesale,Endah Parade,11.457
KWC Fashion Wholesale,Fahrenheit88,2.843
KWC Fashion Wholesale,Glo Damansara Shopping Mall,13.647
KWC Fashion Wholesale,Great Eastern Mall,10.699
KWC Fashion Wholesale,Hartamas Shopping Centre,10.056
KWC Fashion Wholesale,IKEA Cheras,2.046
KWC Fashion Wholesale,"Imbi Plaza, Kuala Lumpur",1.94
KWC Fashion Wholesale,Intermark Mall,6.065
KWC Fashion Wholesale,KWC Fashion Wholesale,0
KWC Fashion Wholesale,"INC, KL Eco City",6.901
KWC Fashion Wholesale,KL Gateway Mall,7.026
KWC Fashion Wholesale,Lot 10,5.04
KWC Fashion Wholesale,Lotus's Kepong,13.728
KWC Fashion Wholesale,M3 Shopping Mall,13.678
KWC Fashion Wholesale,Mid Valley Megamall,6.341
KWC Fashion Wholesale,LaLaport Bukit Bintang City Centre,2.119
KWC Fashion Wholesale,MyTOWN Shopping Centre,2.053
KWC Fashion Wholesale,NU Sentral Shopping Mall,5.629
KWC Fashion Wholesale,Pavillion Bukit Jalil,15.754
KWC Fashion Wholesale,Pavillion Damansara Heights,7.39
KWC Fashion Wholesale,Pavillion Kuala Lumpur,3.153
KWC Fashion Wholesale,Pertama Complex | First Shopping Center,4.222
KWC Fashion Wholesale,Plaza Low Yat @ Bukit Bintang,2.006
KWC Fashion Wholesale,Plaza Salak Park,8.011
KWC Fashion Wholesale,PUDU PLAZA SHOPPING MALL,1.399
KWC Fashion Wholesale,Quill City Mall Kuala Lumpur,5.556
KWC Fashion Wholesale,Setapak Central Mall,11.748
KWC Fashion Wholesale,SOGO Kuala Lumpur,4.098
KWC Fashion Wholesale,The Starhill,2.387
KWC Fashion Wholesale,Sungei Wang Plaza,2.009
KWC Fashion Wholesale,Sunway Putra Mall,7.118
KWC Fashion Wholesale,Sunway Velocity Mall,2.478
KWC Fashion Wholesale,Suria KLCC,6.123
KWC Fashion Wholesale,The LINC KL,5.136
KWC Fashion Wholesale,The Weld | Menara Weld,3.181
"INC, KL Eco City",AEON Mall Taman Maluri,10.179
"INC, KL Eco City",Aurora Place Bukit Jalil,8.959
"INC, KL Eco City",Avenue K Shopping Mall,13.147
"INC, KL Eco City",Bangsar Shopping Centre,3.983
"INC, KL Eco City",Berjaya Times Square,10.176
"INC, KL Eco City",Brem Mall Shopping Complex,12.936
"INC, KL Eco City",Bukit Bintang Plaza,8.146
"INC, KL Eco City",Damansara City Mall,5.525
"INC, KL Eco City",Endah Parade,11.074
"INC, KL Eco City",Fahrenheit88,10.841
"INC, KL Eco City",Glo Damansara Shopping Mall,9.863
"INC, KL Eco City",Great Eastern Mall,15.777
"INC, KL Eco City",Hartamas Shopping Centre,10.699
"INC, KL Eco City",IKEA Cheras,8.892
"INC, KL Eco City","Imbi Plaza, Kuala Lumpur",7.568
"INC, KL Eco City",Intermark Mall,12.27
"INC, KL Eco City",KWC Fashion Wholesale,9.352
"INC, KL Eco City","INC, KL Eco City",0
"INC, KL Eco City",KL Gateway Mall,1.93
"INC, KL Eco City",Lot 10,11.033
"INC, KL Eco City",Lotus's Kepong,14.273
"INC, KL Eco City",M3 Shopping Mall,15.538
"INC, KL Eco City",Mid Valley Megamall,2.004
"INC, KL Eco City",LaLaport Bukit Bintang City Centre,9.229
"INC, KL Eco City",MyTOWN Shopping Centre,8.899
"INC, KL Eco City",NU Sentral Shopping Mall,3.48
"INC, KL Eco City",Pavillion Bukit Jalil,9.578
"INC, KL Eco City",Pavillion Damansara Heights,5.829
"INC, KL Eco City",Pavillion Kuala Lumpur,12.165
"INC, KL Eco City",Pertama Complex | First Shopping Center,6.568
"INC, KL Eco City",Plaza Low Yat @ Bukit Bintang,7.634
"INC, KL Eco City",Plaza Salak Park,8.708
"INC, KL Eco City",PUDU PLAZA SHOPPING MALL,9.601
"INC, KL Eco City",Quill City Mall Kuala Lumpur,7.902
"INC, KL Eco City",Setapak Central Mall,13.608
"INC, KL Eco City",SOGO Kuala Lumpur,6.444
"INC, KL Eco City",The Starhill,8.015
"INC, KL Eco City",Sungei Wang Plaza,7.638
"INC, KL Eco City",Sunway Putra Mall,8.978
"INC, KL Eco City",Sunway Velocity Mall,10.066
"INC, KL Eco City",Suria KLCC,12.328
"INC, KL Eco City",The LINC KL,11.341
"INC, KL Eco City",The Weld | Menara Weld,6.63
KL Gateway Mall,AEON Mall Taman Maluri,12.368
KL Gateway Mall,Aurora Place Bukit Jalil,9.601
KL Gateway Mall,Avenue K Shopping Mall,11.039
KL Gateway Mall,Bangsar Shopping Centre,6.967
KL Gateway Mall,Berjaya Times Square,9.993
KL Gateway Mall,Brem Mall Shopping Complex,13.541
KL Gateway Mall,Bukit Bintang Plaza,10.305
KL Gateway Mall,Damansara City Mall,6.112
KL Gateway Mall,Endah Parade,12.586
KL Gateway Mall,Fahrenheit88,10.63
KL Gateway Mall,Glo Damansara Shopping Mall,7.222
KL Gateway Mall,Great Eastern Mall,17.966
KL Gateway Mall,Hartamas Shopping Centre,8.058
KL Gateway Mall,IKEA Cheras,11.081
KL Gateway Mall,"Imbi Plaza, Kuala Lumpur",9.727
KL Gateway Mall,Intermark Mall,13.26
KL Gateway Mall,KWC Fashion Wholesale,10.242
KL Gateway Mall,"INC, KL Eco City",3.863
KL Gateway Mall,KL Gateway Mall,0
KL Gateway Mall,Lot 10,13.222
KL Gateway Mall,Lotus's Kepong,14.904
KL Gateway Mall,M3 Shopping Mall,20.2
KL Gateway Mall,Mid Valley Megamall,3.569
KL Gateway Mall,LaLaport Bukit Bintang City Centre,11.419
KL Gateway Mall,MyTOWN Shopping Centre,11.088
KL Gateway Mall,NU Sentral Shopping Mall,4.948
KL Gateway Mall,Pavillion Bukit Jalil,17.149
KL Gateway Mall,Pavillion Damansara Heights,6.416
KL Gateway Mall,Pavillion Kuala Lumpur,10.94
KL Gateway Mall,Pertama Complex | First Shopping Center,8.037
KL Gateway Mall,Plaza Low Yat @ Bukit Bintang,9.793
KL Gateway Mall,Plaza Salak Park,8.565
KL Gateway Mall,PUDU PLAZA SHOPPING MALL,11.791
KL Gateway Mall,Quill City Mall Kuala Lumpur,9.371
KL Gateway Mall,Setapak Central Mall,15.077
KL Gateway Mall,SOGO Kuala Lumpur,7.913
KL Gateway Mall,The Starhill,10.174
KL Gateway Mall,Sungei Wang Plaza,9.797
KL Gateway Mall,Sunway Putra Mall,10.447
KL Gateway Mall,Sunway Velocity Mall,12.256
KL Gateway Mall,Suria KLCC,14.518
KL Gateway Mall,The LINC KL,13.531
KL Gateway Mall,The Weld | Menara Weld,8.099
Lot 10,AEON Mall Taman Maluri,4.499
Lot 10,Aurora Place Bukit Jalil,16.402
Lot 10,Avenue K Shopping Mall,2.114
Lot 10,Bangsar Shopping Centre,9.702
Lot 10,Berjaya Times Square,0.623
Lot 10,Brem Mall Shopping Complex,9.51
Lot 10,Bukit Bintang Plaza,0.206
Lot 10,Damansara City Mall,8.486
Lot 10,Endah Parade,14.195
Lot 10,Fahrenheit88,0.477
Lot 10,Glo Damansara Shopping Mall,14.015
Lot 10,Great Eastern Mall,8.03
Lot 10,Hartamas Shopping Centre,9.056
Lot 10,IKEA Cheras,3.82
Lot 10,"Imbi Plaza, Kuala Lumpur",0.523
Lot 10,Intermark Mall,4.047
Lot 10,KWC Fashion Wholesale,1.891
Lot 10,"INC, KL Eco City",8.402
Lot 10,KL Gateway Mall,8.526
Lot 10,Lot 10,0
Lot 10,Lotus's Kepong,12.392
Lot 10,M3 Shopping Mall,12.64
Lot 10,Mid Valley Megamall,7.841
Lot 10,LaLaport Bukit Bintang City Centre,0.978
Lot 10,MyTOWN Shopping Centre,3.416
Lot 10,NU Sentral Shopping Mall,5.558
Lot 10,Pavillion Bukit Jalil,17.02
Lot 10,Pavillion Damansara Heights,8.79
Lot 10,Pavillion Kuala Lumpur,0.788
Lot 10,Pertama Complex | First Shopping Center,3.139
Lot 10,Plaza Low Yat @ Bukit Bintang,0.375
Lot 10,Plaza Salak Park,9.278
Lot 10,PUDU PLAZA SHOPPING MALL,1.861
Lot 10,Quill City Mall Kuala Lumpur,3.98
Lot 10,Setapak Central Mall,10.71
Lot 10,SOGO Kuala Lumpur,3.024
Lot 10,The Starhill,0.021
Lot 10,Sungei Wang Plaza,0.352
Lot 10,Sunway Putra Mall,5.782
Lot 10,Sunway Velocity Mall,3.277
Lot 10,Suria KLCC,1.745
Lot 10,The LINC KL,3.118
Lot 10,The Weld | Menara Weld,0.841
Lotus's Kepong,AEON Mall Taman Maluri,19.781
Lotus's Kepong,Aurora Place Bukit Jalil,28.713
Lotus's Kepong,Avenue K Shopping Mall,15.166
Lotus's Kepong,Bangsar Shopping Centre,13.455
Lotus's Kepong,Berjaya Times Square,17.248
Lotus's Kepong,Brem Mall Shopping Complex,7.652
Lotus's Kepong,Bukit Bintang Plaza,17.56
Lotus's Kepong,Damansara City Mall,12.239
Lotus's Kepong,Endah Parade,26.631
Lotus's Kepong,Fahrenheit88,18.712
Lotus's Kepong,Glo Damansara Shopping Mall,10.577
Lotus's Kepong,Great Eastern Mall,20.162
Lotus's Kepong,Hartamas Shopping Centre,10.619
Lotus's Kepong,IKEA Cheras,19.625
Lotus's Kepong,"Imbi Plaza, Kuala Lumpur",16.982
Lotus's Kepong,Intermark Mall,15.491
Lotus's Kepong,KWC Fashion Wholesale,18.263
Lotus's Kepong,"INC, KL Eco City",18.305
Lotus's Kepong,KL Gateway Mall,17.208
Lotus's Kepong,Lot 10,18.903
Lotus's Kepong,Lotus's Kepong,0
Lotus's Kepong,M3 Shopping Mall,18.478
Lotus's Kepong,Mid Valley Megamall,18.011
Lotus's Kepong,LaLaport Bukit Bintang City Centre,17.603
Lotus's Kepong,MyTOWN Shopping Centre,19.395
Lotus's Kepong,NU Sentral Shopping Mall,14.622
Lotus's Kepong,Pavillion Bukit Jalil,28.868
Lotus's Kepong,Pavillion Damansara Heights,12.543
Lotus's Kepong,Pavillion Kuala Lumpur,15.573
Lotus's Kepong,Pertama Complex | First Shopping Center,14.621
Lotus's Kepong,Plaza Low Yat @ Bukit Bintang,17.048
Lotus's Kepong,Plaza Salak Park,21.714
Lotus's Kepong,PUDU PLAZA SHOPPING MALL,20.128
Lotus's Kepong,Quill City Mall Kuala Lumpur,13.498
Lotus's Kepong,Setapak Central Mall,14.75
Lotus's Kepong,SOGO Kuala Lumpur,14.497
Lotus's Kepong,The Starhill,17.429
Lotus's Kepong,Sungei Wang Plaza,17.052
Lotus's Kepong,Sunway Putra Mall,13.087
Lotus's Kepong,Sunway Velocity Mall,19.668
Lotus's Kepong,Suria KLCC,16.712
Lotus's Kepong,The LINC KL,15.902
Lotus's Kepong,The Weld | Menara Weld,14.866
M3 Shopping Mall,AEON Mall Taman Maluri,17.084
M3 Shopping Mall,Aurora Place Bukit Jalil,30.182
M3 Shopping Mall,Avenue K Shopping Mall,11.906
M3 Shopping Mall,Bangsar Shopping Centre,16.881
M3 Shopping Mall,Berjaya Times Square,14.632
M3 Shopping Mall,Brem Mall Shopping Complex,10.757
M3 Shopping Mall,Bukit Bintang Plaza,13.388
M3 Shopping Mall,Damansara City Mall,15.665
M3 Shopping Mall,Endah Parade,24.821
M3 Shopping Mall,Fahrenheit88,12.991
M3 Shopping Mall,Glo Damansara Shopping Mall,20.167
M3 Shopping Mall,Great Eastern Mall,9.548
M3 Shopping Mall,Hartamas Shopping Centre,14.044
M3 Shopping Mall,IKEA Cheras,13.904
M3 Shopping Mall,"Imbi Plaza, Kuala Lumpur",13.506
M3 Shopping Mall,Intermark Mall,10.176
M3 Shopping Mall,KWC Fashion Wholesale,15.9
M3 Shopping Mall,"INC, KL Eco City",17.165
M3 Shopping Mall,KL Gateway Mall,17.568
M3 Shopping Mall,Lot 10,13.183
M3 Shopping Mall,Lotus's Kepong,13.526
M3 Shopping Mall,M3 Shopping Mall,0
M3 Shopping Mall,Mid Valley Megamall,16.604
M3 Shopping Mall,LaLaport Bukit Bintang City Centre,14.987
M3 Shopping Mall,MyTOWN Shopping Centre,13.674
M3 Shopping Mall,NU Sentral Shopping Mall,14.982
M3 Shopping Mall,Pavillion Bukit Jalil,30.801
M3 Shopping Mall,Pavillion Damansara Heights,15.969
M3 Shopping Mall,Pavillion Kuala Lumpur,12.518
M3 Shopping Mall,Pertama Complex | First Shopping Center,9.541
M3 Shopping Mall,Plaza Low Yat @ Bukit Bintang,13.611
M3 Shopping Mall,Plaza Salak Park,20.668
M3 Shopping Mall,PUDU PLAZA SHOPPING MALL,14.407
M3 Shopping Mall,Quill City Mall Kuala Lumpur,9.161
M3 Shopping Mall,Setapak Central Mall,3.216
M3 Shopping Mall,SOGO Kuala Lumpur,9.426
M3 Shopping Mall,The Starhill,13.204
M3 Shopping Mall,Sungei Wang Plaza,13.465
M3 Shopping Mall,Sunway Putra Mall,9.436
M3 Shopping Mall,Sunway Velocity Mall,14.972
M3 Shopping Mall,Suria KLCC,11.397
M3 Shopping Mall,The LINC KL,10.587
M3 Shopping Mall,The Weld | Menara Weld,10.53
Mid Valley Megamall,AEON Mall Taman Maluri,10.979
Mid Valley Megamall,Aurora Place Bukit Jalil,10.492
Mid Valley Megamall,Avenue K Shopping Mall,11.052
Mid Valley Megamall,Bangsar Shopping Centre,4.726
Mid Valley Megamall,Berjaya Times Square,8.447
Mid Valley Megamall,Brem Mall Shopping Complex,15.714
Mid Valley Megamall,Bukit Bintang Plaza,8.758
Mid Valley Megamall,Damansara City Mall,8.285
Mid Valley Megamall,Endah Parade,12.606
Mid Valley Megamall,Fahrenheit88,9.084
Mid Valley Megamall,Glo Damansara Shopping Mall,9.395
Mid Valley Megamall,Great Eastern Mall,16.577
Mid Valley Megamall,Hartamas Shopping Centre,10.23
Mid Valley Megamall,IKEA Cheras,10.425
Mid Valley Megamall,"Imbi Plaza, Kuala Lumpur",8.181
Mid Valley Megamall,Intermark Mall,13.803
Mid Valley Megamall,KWC Fashion Wholesale,8.696
Mid Valley Megamall,"INC, KL Eco City",2.096
Mid Valley Megamall,KL Gateway Mall,2.774
Mid Valley Megamall,Lot 10,9.457
Mid Valley Megamall,Lotus's Kepong,17.076
Mid Valley Megamall,M3 Shopping Mall,18.339
Mid Valley Megamall,Mid Valley Megamall,0
Mid Valley Megamall,LaLaport Bukit Bintang City Centre,8.802
Mid Valley Megamall,MyTOWN Shopping Centre,10.432
Mid Valley Megamall,NU Sentral Shopping Mall,4.322
Mid Valley Megamall,Pavillion Bukit Jalil,11.11
Mid Valley Megamall,Pavillion Damansara Heights,8.589
Mid Valley Megamall,Pavillion Kuala Lumpur,9.394
Mid Valley Megamall,Pertama Complex | First Shopping Center,8.049
Mid Valley Megamall,Plaza Low Yat @ Bukit Bintang,8.247
Mid Valley Megamall,Plaza Salak Park,10.241
Mid Valley Megamall,PUDU PLAZA SHOPPING MALL,9.028
Mid Valley Megamall,Quill City Mall Kuala Lumpur,9.383
Mid Valley Megamall,Setapak Central Mall,16.408
Mid Valley Megamall,SOGO Kuala Lumpur,7.925
Mid Valley Megamall,The Starhill,8.628
Mid Valley Megamall,Sungei Wang Plaza,8.25
Mid Valley Megamall,Sunway Putra Mall,11.778
Mid Valley Megamall,Sunway Velocity Mall,10.867
Mid Valley Megamall,Suria KLCC,13.861
Mid Valley Megamall,The LINC KL,12.874
Mid Valley Megamall,The Weld | Menara Weld,8.111
LaLaport Bukit Bintang City Centre,AEON Mall Taman Maluri,5.197
LaLaport Bukit Bintang City Centre,Aurora Place Bukit Jalil,15.221
LaLaport Bukit Bintang City Centre,Avenue K Shopping Mall,7.692
LaLaport Bukit Bintang City Centre,Bangsar Shopping Centre,8.724
LaLaport Bukit Bintang City Centre,Berjaya Times Square,2.302
LaLaport Bukit Bintang City Centre,Brem Mall Shopping Complex,10.942
LaLaport Bukit Bintang City Centre,Bukit Bintang Plaza,2.614
LaLaport Bukit Bintang City Centre,Damansara City Mall,7.508
LaLaport Bukit Bintang City Centre,Endah Parade,13.014
LaLaport Bukit Bintang City Centre,Fahrenheit88,2.939
LaLaport Bukit Bintang City Centre,Glo Damansara Shopping Mall,13.037
LaLaport Bukit Bintang City Centre,Great Eastern Mall,10.795
LaLaport Bukit Bintang City Centre,Hartamas Shopping Centre,10.477
LaLaport Bukit Bintang City Centre,IKEA Cheras,3.089
LaLaport Bukit Bintang City Centre,"Imbi Plaza, Kuala Lumpur",2.036
LaLaport Bukit Bintang City Centre,Intermark Mall,6.815
LaLaport Bukit Bintang City Centre,KWC Fashion Wholesale,0.913
LaLaport Bukit Bintang City Centre,"INC, KL Eco City",7.424
LaLaport Bukit Bintang City Centre,KL Gateway Mall,7.548
LaLaport Bukit Bintang City Centre,Lot 10,3.313
LaLaport Bukit Bintang City Centre,Lotus's Kepong,14.868
LaLaport Bukit Bintang City Centre,M3 Shopping Mall,16.133
LaLaport Bukit Bintang City Centre,Mid Valley Megamall,6.863
LaLaport Bukit Bintang City Centre,LaLaport Bukit Bintang City Centre,0
LaLaport Bukit Bintang City Centre,MyTOWN Shopping Centre,3.096
LaLaport Bukit Bintang City Centre,NU Sentral Shopping Mall,5.075
LaLaport Bukit Bintang City Centre,Pavillion Bukit Jalil,15.84
LaLaport Bukit Bintang City Centre,Pavillion Damansara Heights,7.812
LaLaport Bukit Bintang City Centre,Pavillion Kuala Lumpur,3.25
LaLaport Bukit Bintang City Centre,Pertama Complex | First Shopping Center,4.318
LaLaport Bukit Bintang City Centre,Plaza Low Yat @ Bukit Bintang,2.102
LaLaport Bukit Bintang City Centre,Plaza Salak Park,8.097
LaLaport Bukit Bintang City Centre,PUDU PLAZA SHOPPING MALL,2.442
LaLaport Bukit Bintang City Centre,Quill City Mall Kuala Lumpur,5.652
LaLaport Bukit Bintang City Centre,Setapak Central Mall,14.203
LaLaport Bukit Bintang City Centre,SOGO Kuala Lumpur,4.194
LaLaport Bukit Bintang City Centre,The Starhill,2.483
LaLaport Bukit Bintang City Centre,Sungei Wang Plaza,2.106
LaLaport Bukit Bintang City Centre,Sunway Putra Mall,9.573
LaLaport Bukit Bintang City Centre,Sunway Velocity Mall,5.085
LaLaport Bukit Bintang City Centre,Suria KLCC,6.873
LaLaport Bukit Bintang City Centre,The LINC KL,5.886
LaLaport Bukit Bintang City Centre,The Weld | Menara Weld,3.277
MyTOWN Shopping Centre,AEON Mall Taman Maluri,2.364
MyTOWN Shopping Centre,Aurora Place Bukit Jalil,14.91
MyTOWN Shopping Centre,Avenue K Shopping Mall,5.299
MyTOWN Shopping Centre,Bangsar Shopping Centre,11.225
MyTOWN Shopping Centre,Berjaya Times Square,2.146
MyTOWN Shopping Centre,Brem Mall Shopping Complex,13.708
MyTOWN Shopping Centre,Bukit Bintang Plaza,2.494
MyTOWN Shopping Centre,Damansara City Mall,10.009
MyTOWN Shopping Centre,Endah Parade,12.057
MyTOWN Shopping Centre,Fahrenheit88,3.258
MyTOWN Shopping Centre,Glo Damansara Shopping Mall,16.889
MyTOWN Shopping Centre,Great Eastern Mall,5.336
MyTOWN Shopping Centre,Hartamas Shopping Centre,12.978
MyTOWN Shopping Centre,IKEA Cheras,0.23
MyTOWN Shopping Centre,"Imbi Plaza, Kuala Lumpur",2.183
MyTOWN Shopping Centre,Intermark Mall,4.422
MyTOWN Shopping Centre,KWC Fashion Wholesale,2.152
MyTOWN Shopping Centre,"INC, KL Eco City",10.832
MyTOWN Shopping Centre,KL Gateway Mall,10.268
MyTOWN Shopping Centre,Lot 10,3.397
MyTOWN Shopping Centre,Lotus's Kepong,16.354
MyTOWN Shopping Centre,M3 Shopping Mall,13.016
MyTOWN Shopping Centre,Mid Valley Megamall,10.271
MyTOWN Shopping Centre,LaLaport Bukit Bintang City Centre,2.501
MyTOWN Shopping Centre,MyTOWN Shopping Centre,0
MyTOWN Shopping Centre,NU Sentral Shopping Mall,7.576
MyTOWN Shopping Centre,Pavillion Bukit Jalil,15.529
MyTOWN Shopping Centre,Pavillion Damansara Heights,10.313
MyTOWN Shopping Centre,Pavillion Kuala Lumpur,3.13
MyTOWN Shopping Centre,Pertama Complex | First Shopping Center,5.472
MyTOWN Shopping Centre,Plaza Low Yat @ Bukit Bintang,2.288
MyTOWN Shopping Centre,Plaza Salak Park,7.849
MyTOWN Shopping Centre,PUDU PLAZA SHOPPING MALL,1.212
MyTOWN Shopping Centre,Quill City Mall Kuala Lumpur,9.466
MyTOWN Shopping Centre,Setapak Central Mall,11.086
MyTOWN Shopping Centre,SOGO Kuala Lumpur,5.348
MyTOWN Shopping Centre,The Starhill,2.363
MyTOWN Shopping Centre,Sungei Wang Plaza,2.142
MyTOWN Shopping Centre,Sunway Putra Mall,8.271
MyTOWN Shopping Centre,Sunway Velocity Mall,1.684
MyTOWN Shopping Centre,Suria KLCC,4.48
MyTOWN Shopping Centre,The LINC KL,3.493
MyTOWN Shopping Centre,The Weld | Menara Weld,3.157
NU Sentral Shopping Mall,AEON Mall Taman Maluri,7.514
NU Sentral Shopping Mall,Aurora Place Bukit Jalil,16.571
NU Sentral Shopping Mall,Avenue K Shopping Mall,4.882
NU Sentral Shopping Mall,Bangsar Shopping Centre,6.133
NU Sentral Shopping Mall,Berjaya Times Square,4.981
NU Sentral Shopping Mall,Brem Mall Shopping Complex,10.475
NU Sentral Shopping Mall,Bukit Bintang Plaza,5.293
NU Sentral Shopping Mall,Damansara City Mall,6.664
NU Sentral Shopping Mall,Endah Parade,14.364
NU Sentral Shopping Mall,Fahrenheit88,5.618
NU Sentral Shopping Mall,Glo Damansara Shopping Mall,12.193
NU Sentral Shopping Mall,Great Eastern Mall,13.112
NU Sentral Shopping Mall,Hartamas Shopping Centre,9.634
NU Sentral Shopping Mall,IKEA Cheras,6.61
NU Sentral Shopping Mall,"Imbi Plaza, Kuala Lumpur",4.715
NU Sentral Shopping Mall,Intermark Mall,9.561
NU Sentral Shopping Mall,KWC Fashion Wholesale,4.497
NU Sentral Shopping Mall,"INC, KL Eco City",5.559
NU Sentral Shopping Mall,KL Gateway Mall,5.963
NU Sentral Shopping Mall,Lot 10,4.973
NU Sentral Shopping Mall,Lotus's Kepong,13.357
NU Sentral Shopping Mall,M3 Shopping Mall,13.307
NU Sentral Shopping Mall,Mid Valley Megamall,4.999
NU Sentral Shopping Mall,LaLaport Bukit Bintang City Centre,5.336
NU Sentral Shopping Mall,MyTOWN Shopping Centre,10.239
NU Sentral Shopping Mall,NU Sentral Shopping Mall,0
NU Sentral Shopping Mall,Pavillion Bukit Jalil,17.189
NU Sentral Shopping Mall,Pavillion Damansara Heights,6.968
NU Sentral Shopping Mall,Pavillion Kuala Lumpur,4.305
NU Sentral Shopping Mall,Pertama Complex | First Shopping Center,3.851
NU Sentral Shopping Mall,Plaza Low Yat @ Bukit Bintang,4.781
NU Sentral Shopping Mall,Plaza Salak Park,9.447
NU Sentral Shopping Mall,PUDU PLAZA SHOPPING MALL,4.434
NU Sentral Shopping Mall,Quill City Mall Kuala Lumpur,5.185
NU Sentral Shopping Mall,Setapak Central Mall,11.377
NU Sentral Shopping Mall,SOGO Kuala Lumpur,3.727
NU Sentral Shopping Mall,The Starhill,5.162
NU Sentral Shopping Mall,Sungei Wang Plaza,4.785
NU Sentral Shopping Mall,Sunway Putra Mall,6.747
NU Sentral Shopping Mall,Sunway Velocity Mall,7.401
NU Sentral Shopping Mall,Suria KLCC,4.513
NU Sentral Shopping Mall,The LINC KL,8.848
NU Sentral Shopping Mall,The Weld | Menara Weld,3.427
Pavillion Bukit Jalil,AEON Mall Taman Maluri,16.104
Pavillion Bukit Jalil,Aurora Place Bukit Jalil,1.185
Pavillion Bukit Jalil,Avenue K Shopping Mall,19.752
Pavillion Bukit Jalil,Bangsar Shopping Centre,21.224
Pavillion Bukit Jalil,Berjaya Times Square,16.781
Pavillion Bukit Jalil,Brem Mall Shopping Complex,26.031
Pavillion Bukit Jalil,Bukit Bintang Plaza,17.129
Pavillion Bukit Jalil,Damansara City Mall,20.008
Pavillion Bukit Jalil,Endah Parade,5.598
Pavillion Bukit Jalil,Fahrenheit88,17.449
Pavillion Bukit Jalil,Glo Damansara Shopping Mall,20.36
Pavillion Bukit Jalil,Great Eastern Mall,20.658
Pavillion Bukit Jalil,Hartamas Shopping Centre,22.169
Pavillion Bukit Jalil,IKEA Cheras,14.184
Pavillion Bukit Jalil,"Imbi Plaza, Kuala Lumpur",16.458
Pavillion Bukit Jalil,Intermark Mall,18.875
Pavillion Bukit Jalil,KWC Fashion Wholesale,15.96
Pavillion Bukit Jalil,"INC, KL Eco City",15.276
Pavillion Bukit Jalil,KL Gateway Mall,14.713
Pavillion Bukit Jalil,Lot 10,17.641
Pavillion Bukit Jalil,Lotus's Kepong,27.368
Pavillion Bukit Jalil,M3 Shopping Mall,31.338
Pavillion Bukit Jalil,Mid Valley Megamall,14.715
Pavillion Bukit Jalil,LaLaport Bukit Bintang City Centre,15.837
Pavillion Bukit Jalil,MyTOWN Shopping Centre,13.954
Pavillion Bukit Jalil,NU Sentral Shopping Mall,15.344
Pavillion Bukit Jalil,Pavillion Bukit Jalil,0
Pavillion Bukit Jalil,Pavillion Damansara Heights,20.312
Pavillion Bukit Jalil,Pavillion Kuala Lumpur,18.771
Pavillion Bukit Jalil,Pertama Complex | First Shopping Center,18.675
Pavillion Bukit Jalil,Plaza Low Yat @ Bukit Bintang,16.524
Pavillion Bukit Jalil,Plaza Salak Park,9.194
Pavillion Bukit Jalil,PUDU PLAZA SHOPPING MALL,16.209
Pavillion Bukit Jalil,Quill City Mall Kuala Lumpur,20.009
Pavillion Bukit Jalil,Setapak Central Mall,25.539
Pavillion Bukit Jalil,SOGO Kuala Lumpur,18.551
Pavillion Bukit Jalil,The Starhill,16.998
Pavillion Bukit Jalil,Sungei Wang Plaza,16.528
Pavillion Bukit Jalil,Sunway Putra Mall,22.073
Pavillion Bukit Jalil,Sunway Velocity Mall,15.991
Pavillion Bukit Jalil,Suria KLCC,18.933
Pavillion Bukit Jalil,The LINC KL,17.946
Pavillion Bukit Jalil,The Weld | Menara Weld,17.792
Pavillion Damansara Heights,AEON Mall Taman Maluri,11.724
Pavillion Damansara Heights,Aurora Place Bukit Jalil,20.781
Pavillion Damansara Heights,Avenue K Shopping Mall,9.579
Pavillion Damansara Heights,Bangsar Shopping Centre,2.395
Pavillion Damansara Heights,Berjaya Times Square,9.192
Pavillion Damansara Heights,Brem Mall Shopping Complex,9.552
Pavillion Damansara Heights,Bukit Bintang Plaza,9.503
Pavillion Damansara Heights,Damansara City Mall,0.15
Pavillion Damansara Heights,Endah Parade,16.998
Pavillion Damansara Heights,Fahrenheit88,9.829
Pavillion Damansara Heights,Glo Damansara Shopping Mall,6.708
Pavillion Damansara Heights,Great Eastern Mall,17.322
Pavillion Damansara Heights,Hartamas Shopping Centre,6.523
Pavillion Damansara Heights,IKEA Cheras,10.821
Pavillion Damansara Heights,"Imbi Plaza, Kuala Lumpur",8.926
Pavillion Damansara Heights,Intermark Mall,10.715
Pavillion Damansara Heights,KWC Fashion Wholesale,10
Pavillion Damansara Heights,"INC, KL Eco City",7.598
Pavillion Damansara Heights,KL Gateway Mall,6.908
Pavillion Damansara Heights,Lot 10,8.913
Pavillion Damansara Heights,Lotus's Kepong,10.914
Pavillion Damansara Heights,M3 Shopping Mall,16.211
Pavillion Damansara Heights,Mid Valley Megamall,7.304
Pavillion Damansara Heights,LaLaport Bukit Bintang City Centre,9.547
Pavillion Damansara Heights,MyTOWN Shopping Centre,14.45
Pavillion Damansara Heights,NU Sentral Shopping Mall,6.565
Pavillion Damansara Heights,Pavillion Bukit Jalil,21.4
Pavillion Damansara Heights,Pavillion Damansara Heights,0
Pavillion Damansara Heights,Pavillion Kuala Lumpur,8.245
Pavillion Damansara Heights,Pertama Complex | First Shopping Center,6.564
Pavillion Damansara Heights,Plaza Low Yat @ Bukit Bintang,8.992
Pavillion Damansara Heights,Plaza Salak Park,13.657
Pavillion Damansara Heights,PUDU PLAZA SHOPPING MALL,8.713
Pavillion Damansara Heights,Quill City Mall Kuala Lumpur,7.911
Pavillion Damansara Heights,Setapak Central Mall,12.532
Pavillion Damansara Heights,SOGO Kuala Lumpur,6.441
Pavillion Damansara Heights,The Starhill,9.373
Pavillion Damansara Heights,Sungei Wang Plaza,8.995
Pavillion Damansara Heights,Sunway Putra Mall,7.902
Pavillion Damansara Heights,Sunway Velocity Mall,11.612
Pavillion Damansara Heights,Suria KLCC,9.516
Pavillion Damansara Heights,The LINC KL,11.126
Pavillion Damansara Heights,The Weld | Menara Weld,7.367
Pavillion Kuala Lumpur,AEON Mall Taman Maluri,5.129
Pavillion Kuala Lumpur,Aurora Place Bukit Jalil,17.031
Pavillion Kuala Lumpur,Avenue K Shopping Mall,4.578
Pavillion Kuala Lumpur,Bangsar Shopping Centre,10.353
Pavillion Kuala Lumpur,Berjaya Times Square,1.274
Pavillion Kuala Lumpur,Brem Mall Shopping Complex,12.987
Pavillion Kuala Lumpur,Bukit Bintang Plaza,0.953
Pavillion Kuala Lumpur,Damansara City Mall,9.137
Pavillion Kuala Lumpur,Endah Parade,14.547
Pavillion Kuala Lumpur,Fahrenheit88,0.555
Pavillion Kuala Lumpur,Glo Damansara Shopping Mall,14.666
Pavillion Kuala Lumpur,Great Eastern Mall,5.432
Pavillion Kuala Lumpur,Hartamas Shopping Centre,12.106
Pavillion Kuala Lumpur,IKEA Cheras,4.449
Pavillion Kuala Lumpur,"Imbi Plaza, Kuala Lumpur",1.302
Pavillion Kuala Lumpur,Intermark Mall,3.701
Pavillion Kuala Lumpur,KWC Fashion Wholesale,2.542
Pavillion Kuala Lumpur,"INC, KL Eco City",9.053
Pavillion Kuala Lumpur,KL Gateway Mall,9.177
Pavillion Kuala Lumpur,Lot 10,0.747
Pavillion Kuala Lumpur,Lotus's Kepong,15.633
Pavillion Kuala Lumpur,M3 Shopping Mall,12.295
Pavillion Kuala Lumpur,Mid Valley Megamall,8.492
Pavillion Kuala Lumpur,LaLaport Bukit Bintang City Centre,1.629
Pavillion Kuala Lumpur,MyTOWN Shopping Centre,4.045
Pavillion Kuala Lumpur,NU Sentral Shopping Mall,6.704
Pavillion Kuala Lumpur,Pavillion Bukit Jalil,17.65
Pavillion Kuala Lumpur,Pavillion Damansara Heights,9.441
Pavillion Kuala Lumpur,Pavillion Kuala Lumpur,0
Pavillion Kuala Lumpur,Pertama Complex | First Shopping Center,3.886
Pavillion Kuala Lumpur,Plaza Low Yat @ Bukit Bintang,1.408
Pavillion Kuala Lumpur,Plaza Salak Park,9.907
Pavillion Kuala Lumpur,PUDU PLAZA SHOPPING MALL,2.147
Pavillion Kuala Lumpur,Quill City Mall Kuala Lumpur,7.281
Pavillion Kuala Lumpur,Setapak Central Mall,10.365
Pavillion Kuala Lumpur,SOGO Kuala Lumpur,3.77
Pavillion Kuala Lumpur,The Starhill,0.768
Pavillion Kuala Lumpur,Sungei Wang Plaza,1.262
Pavillion Kuala Lumpur,Sunway Putra Mall,7.55
Pavillion Kuala Lumpur,Sunway Velocity Mall,4.219
Pavillion Kuala Lumpur,Suria KLCC,3.759
Pavillion Kuala Lumpur,The LINC KL,2.772
Pavillion Kuala Lumpur,The Weld | Menara Weld,1.588
Pertama Complex | First Shopping Center,AEON Mall Taman Maluri,7.881
Pertama Complex | First Shopping Center,Aurora Place Bukit Jalil,17.968
Pertama Complex | First Shopping Center,Avenue K Shopping Mall,2.245
Pertama Complex | First Shopping Center,Bangsar Shopping Centre,6.389
Pertama Complex | First Shopping Center,Berjaya Times Square,3.624
Pertama Complex | First Shopping Center,Brem Mall Shopping Complex,7.397
Pertama Complex | First Shopping Center,Bukit Bintang Plaza,3.572
Pertama Complex | First Shopping Center,Damansara City Mall,5.173
Pertama Complex | First Shopping Center,Endah Parade,15.762
Pertama Complex | First Shopping Center,Fahrenheit88,3.115
Pertama Complex | First Shopping Center,Glo Damansara Shopping Mall,10.701
Pertama Complex | First Shopping Center,Great Eastern Mall,6.584
Pertama Complex | First Shopping Center,Hartamas Shopping Centre,6.943
Pertama Complex | First Shopping Center,IKEA Cheras,7.546
Pertama Complex | First Shopping Center,"Imbi Plaza, Kuala Lumpur",2.994
Pertama Complex | First Shopping Center,Intermark Mall,3.812
Pertama Complex | First Shopping Center,KWC Fashion Wholesale,5.364
Pertama Complex | First Shopping Center,"INC, KL Eco City",6.957
Pertama Complex | First Shopping Center,KL Gateway Mall,7.932
Pertama Complex | First Shopping Center,Lot 10,3.307
Pertama Complex | First Shopping Center,Lotus's Kepong,10.279
Pertama Complex | First Shopping Center,M3 Shopping Mall,10.229
Pertama Complex | First Shopping Center,Mid Valley Megamall,6.396
Pertama Complex | First Shopping Center,LaLaport Bukit Bintang City Centre,4.113
Pertama Complex | First Shopping Center,MyTOWN Shopping Centre,7.316
Pertama Complex | First Shopping Center,NU Sentral Shopping Mall,4.774
Pertama Complex | First Shopping Center,Pavillion Bukit Jalil,18.587
Pertama Complex | First Shopping Center,Pavillion Damansara Heights,5.477
Pertama Complex | First Shopping Center,Pavillion Kuala Lumpur,2.639
Pertama Complex | First Shopping Center,Pertama Complex | First Shopping Center,0
Pertama Complex | First Shopping Center,Plaza Low Yat @ Bukit Bintang,3.06
Pertama Complex | First Shopping Center,Plaza Salak Park,10.844
Pertama Complex | First Shopping Center,PUDU PLAZA SHOPPING MALL,3.717
Pertama Complex | First Shopping Center,Quill City Mall Kuala Lumpur,1.33
Pertama Complex | First Shopping Center,Setapak Central Mall,8.299
Pertama Complex | First Shopping Center,SOGO Kuala Lumpur,0.373
Pertama Complex | First Shopping Center,The Starhill,3.441
Pertama Complex | First Shopping Center,Sungei Wang Plaza,3.063
Pertama Complex | First Shopping Center,Sunway Putra Mall,2.292
Pertama Complex | First Shopping Center,Sunway Velocity Mall,7.768
Pertama Complex | First Shopping Center,Suria KLCC,2.182
Pertama Complex | First Shopping Center,The LINC KL,4.222
Pertama Complex | First Shopping Center,The Weld | Menara Weld,2.656
Plaza Low Yat @ Bukit Bintang,AEON Mall Taman Maluri,4.346
Plaza Low Yat @ Bukit Bintang,Aurora Place Bukit Jalil,16.248
Plaza Low Yat @ Bukit Bintang,Avenue K Shopping Mall,2.52
Plaza Low Yat @ Bukit Bintang,Bangsar Shopping Centre,7.811
Plaza Low Yat @ Bukit Bintang,Berjaya Times Square,0.393
Plaza Low Yat @ Bukit Bintang,Brem Mall Shopping Complex,10.367
Plaza Low Yat @ Bukit Bintang,Bukit Bintang Plaza,0.584
Plaza Low Yat @ Bukit Bintang,Damansara City Mall,6.595
Plaza Low Yat @ Bukit Bintang,Endah Parade,14.041
Plaza Low Yat @ Bukit Bintang,Fahrenheit88,0.909
Plaza Low Yat @ Bukit Bintang,Glo Damansara Shopping Mall,12.124
Plaza Low Yat @ Bukit Bintang,Great Eastern Mall,7.876
Plaza Low Yat @ Bukit Bintang,Hartamas Shopping Centre,9.565
Plaza Low Yat @ Bukit Bintang,IKEA Cheras,3.666
Plaza Low Yat @ Bukit Bintang,"Imbi Plaza, Kuala Lumpur",0.081
Plaza Low Yat @ Bukit Bintang,Intermark Mall,4.478
Plaza Low Yat @ Bukit Bintang,KWC Fashion Wholesale,1.66
Plaza Low Yat @ Bukit Bintang,"INC, KL Eco City",8.172
Plaza Low Yat @ Bukit Bintang,KL Gateway Mall,8.296
Plaza Low Yat @ Bukit Bintang,Lot 10,1.282
Plaza Low Yat @ Bukit Bintang,Lotus's Kepong,13.249
Plaza Low Yat @ Bukit Bintang,M3 Shopping Mall,18.556
Plaza Low Yat @ Bukit Bintang,Mid Valley Megamall,7.611
Plaza Low Yat @ Bukit Bintang,LaLaport Bukit Bintang City Centre,0.748
Plaza Low Yat @ Bukit Bintang,MyTOWN Shopping Centre,3.262
Plaza Low Yat @ Bukit Bintang,NU Sentral Shopping Mall,5.284
Plaza Low Yat @ Bukit Bintang,Pavillion Bukit Jalil,16.867
Plaza Low Yat @ Bukit Bintang,Pavillion Damansara Heights,6.899
Plaza Low Yat @ Bukit Bintang,Pavillion Kuala Lumpur,1.219
Plaza Low Yat @ Bukit Bintang,Pertama Complex | First Shopping Center,3.73
Plaza Low Yat @ Bukit Bintang,Plaza Low Yat @ Bukit Bintang,0
Plaza Low Yat @ Bukit Bintang,Plaza Salak Park,9.124
Plaza Low Yat @ Bukit Bintang,PUDU PLAZA SHOPPING MALL,1.586
Plaza Low Yat @ Bukit Bintang,Quill City Mall Kuala Lumpur,5.077
Plaza Low Yat @ Bukit Bintang,Setapak Central Mall,11.142
Plaza Low Yat @ Bukit Bintang,SOGO Kuala Lumpur,3.429
Plaza Low Yat @ Bukit Bintang,The Starhill,0.453
Plaza Low Yat @ Bukit Bintang,Sungei Wang Plaza,0.022
Plaza Low Yat @ Bukit Bintang,Sunway Putra Mall,6.639
Plaza Low Yat @ Bukit Bintang,Sunway Velocity Mall,3.003
Plaza Low Yat @ Bukit Bintang,Suria KLCC,2.151
Plaza Low Yat @ Bukit Bintang,The LINC KL,3.549
Plaza Low Yat @ Bukit Bintang,The Weld | Menara Weld,1.247
Plaza Salak Park,AEON Mall Taman Maluri,9.601
Plaza Salak Park,Aurora Place Bukit Jalil,7.591
Plaza Salak Park,Avenue K Shopping Mall,12.249
Plaza Salak Park,Bangsar Shopping Centre,13.721
Plaza Salak Park,Berjaya Times Square,9.278
Plaza Salak Park,Brem Mall Shopping Complex,18.528
Plaza Salak Park,Bukit Bintang Plaza,9.626
Plaza Salak Park,Damansara City Mall,12.505
Plaza Salak Park,Endah Parade,6.168
Plaza Salak Park,Fahrenheit88,9.946
Plaza Salak Park,Glo Damansara Shopping Mall,13.83
Plaza Salak Park,Great Eastern Mall,16.539
Plaza Salak Park,Hartamas Shopping Centre,14.666
Plaza Salak Park,IKEA Cheras,7.997
Plaza Salak Park,"Imbi Plaza, Kuala Lumpur",8.955
Plaza Salak Park,Intermark Mall,11.372
Plaza Salak Park,KWC Fashion Wholesale,8.457
Plaza Salak Park,"INC, KL Eco City",7.773
Plaza Salak Park,KL Gateway Mall,7.209
Plaza Salak Park,Lot 10,10.138
Plaza Salak Park,Lotus's Kepong,19.865
Plaza Salak Park,M3 Shopping Mall,19.966
Plaza Salak Park,Mid Valley Megamall,7.212
Plaza Salak Park,LaLaport Bukit Bintang City Centre,8.334
Plaza Salak Park,MyTOWN Shopping Centre,8.004
Plaza Salak Park,NU Sentral Shopping Mall,7.841
Plaza Salak Park,Pavillion Bukit Jalil,8.209
Plaza Salak Park,Pavillion Damansara Heights,12.809
Plaza Salak Park,Pavillion Kuala Lumpur,11.267
Plaza Salak Park,Pertama Complex | First Shopping Center,11.171
Plaza Salak Park,Plaza Low Yat @ Bukit Bintang,9.021
Plaza Salak Park,Plaza Salak Park,0
Plaza Salak Park,PUDU PLAZA SHOPPING MALL,8.706
Plaza Salak Park,Quill City Mall Kuala Lumpur,12.506
Plaza Salak Park,Setapak Central Mall,18.036
Plaza Salak Park,SOGO Kuala Lumpur,11.048
Plaza Salak Park,The Starhill,9.495
Plaza Salak Park,Sungei Wang Plaza,9.025
Plaza Salak Park,Sunway Putra Mall,14.57
Plaza Salak Park,Sunway Velocity Mall,8.071
Plaza Salak Park,Suria KLCC,11.43
Plaza Salak Park,The LINC KL,10.443
Plaza Salak Park,The Weld | Menara Weld,10.289
PUDU PLAZA SHOPPING MALL,AEON Mall Taman Maluri,2.594
PUDU PLAZA SHOPPING MALL,Aurora Place Bukit Jalil,16.177
PUDU PLAZA SHOPPING MALL,Avenue K Shopping Mall,5.348
PUDU PLAZA SHOPPING MALL,Bangsar Shopping Centre,9.85
PUDU PLAZA SHOPPING MALL,Berjaya Times Square,2.195
PUDU PLAZA SHOPPING MALL,Brem Mall Shopping Complex,12.068
PUDU PLAZA SHOPPING MALL,Bukit Bintang Plaza,2.543
PUDU PLAZA SHOPPING MALL,Damansara City Mall,8.633
PUDU PLAZA SHOPPING MALL,Endah Parade,13.324
PUDU PLAZA SHOPPING MALL,Fahrenheit88,2.757
PUDU PLAZA SHOPPING MALL,Glo Damansara Shopping Mall,14.162
PUDU PLAZA SHOPPING MALL,Great Eastern Mall,5.385
PUDU PLAZA SHOPPING MALL,Hartamas Shopping Centre,11.603
PUDU PLAZA SHOPPING MALL,IKEA Cheras,1.071
PUDU PLAZA SHOPPING MALL,"Imbi Plaza, Kuala Lumpur",2.35
PUDU PLAZA SHOPPING MALL,Intermark Mall,4.471
PUDU PLAZA SHOPPING MALL,KWC Fashion Wholesale,2.038
PUDU PLAZA SHOPPING MALL,"INC, KL Eco City",8.549
PUDU PLAZA SHOPPING MALL,KL Gateway Mall,8.674
PUDU PLAZA SHOPPING MALL,Lot 10,3.131
PUDU PLAZA SHOPPING MALL,Lotus's Kepong,16.403
PUDU PLAZA SHOPPING MALL,M3 Shopping Mall,13.065
PUDU PLAZA SHOPPING MALL,Mid Valley Megamall,7.988
PUDU PLAZA SHOPPING MALL,LaLaport Bukit Bintang City Centre,1.126
PUDU PLAZA SHOPPING MALL,MyTOWN Shopping Centre,1.078
PUDU PLAZA SHOPPING MALL,NU Sentral Shopping Mall,6.2
PUDU PLAZA SHOPPING MALL,Pavillion Bukit Jalil,16.796
PUDU PLAZA SHOPPING MALL,Pavillion Damansara Heights,8.937
PUDU PLAZA SHOPPING MALL,Pavillion Kuala Lumpur,3.179
PUDU PLAZA SHOPPING MALL,Pertama Complex | First Shopping Center,4.395
PUDU PLAZA SHOPPING MALL,Plaza Low Yat @ Bukit Bintang,2.416
PUDU PLAZA SHOPPING MALL,Plaza Salak Park,8.079
PUDU PLAZA SHOPPING MALL,PUDU PLAZA SHOPPING MALL,0
PUDU PLAZA SHOPPING MALL,Quill City Mall Kuala Lumpur,6.778
PUDU PLAZA SHOPPING MALL,Setapak Central Mall,11.135
PUDU PLAZA SHOPPING MALL,SOGO Kuala Lumpur,4.271
PUDU PLAZA SHOPPING MALL,The Starhill,2.412
PUDU PLAZA SHOPPING MALL,Sungei Wang Plaza,2.191
PUDU PLAZA SHOPPING MALL,Sunway Putra Mall,8.32
PUDU PLAZA SHOPPING MALL,Sunway Velocity Mall,1.914
PUDU PLAZA SHOPPING MALL,Suria KLCC,4.529
PUDU PLAZA SHOPPING MALL,The LINC KL,3.542
PUDU PLAZA SHOPPING MALL,The Weld | Menara Weld,3.346
Quill City Mall Kuala Lumpur,AEON Mall Taman Maluri,8.503
Quill City Mall Kuala Lumpur,Aurora Place Bukit Jalil,20.526
Quill City Mall Kuala Lumpur,Avenue K Shopping Mall,1.703
Quill City Mall Kuala Lumpur,Bangsar Shopping Centre,9.145
Quill City Mall Kuala Lumpur,Berjaya Times Square,3.305
Quill City Mall Kuala Lumpur,Brem Mall Shopping Complex,8.265
Quill City Mall Kuala Lumpur,Bukit Bintang Plaza,2.983
Quill City Mall Kuala Lumpur,Damansara City Mall,7.928
Quill City Mall Kuala Lumpur,Endah Parade,17.673
Quill City Mall Kuala Lumpur,Fahrenheit88,2.586
Quill City Mall Kuala Lumpur,Glo Damansara Shopping Mall,13.457
Quill City Mall Kuala Lumpur,Great Eastern Mall,5.794
Quill City Mall Kuala Lumpur,Hartamas Shopping Centre,7.812
Quill City Mall Kuala Lumpur,IKEA Cheras,6.756
Quill City Mall Kuala Lumpur,"Imbi Plaza, Kuala Lumpur",3.333
Quill City Mall Kuala Lumpur,Intermark Mall,3.022
Quill City Mall Kuala Lumpur,KWC Fashion Wholesale,4.572
Quill City Mall Kuala Lumpur,"INC, KL Eco City",8.952
Quill City Mall Kuala Lumpur,KL Gateway Mall,9.928
Quill City Mall Kuala Lumpur,Lot 10,2.777
Quill City Mall Kuala Lumpur,Lotus's Kepong,11.147
Quill City Mall Kuala Lumpur,M3 Shopping Mall,11.689
Quill City Mall Kuala Lumpur,Mid Valley Megamall,8.392
Quill City Mall Kuala Lumpur,LaLaport Bukit Bintang City Centre,3.659
Quill City Mall Kuala Lumpur,MyTOWN Shopping Centre,6.526
Quill City Mall Kuala Lumpur,NU Sentral Shopping Mall,6.769
Quill City Mall Kuala Lumpur,Pavillion Bukit Jalil,21.145
Quill City Mall Kuala Lumpur,Pavillion Damansara Heights,8.232
Quill City Mall Kuala Lumpur,Pavillion Kuala Lumpur,2.11
Quill City Mall Kuala Lumpur,Pertama Complex | First Shopping Center,1.919
Quill City Mall Kuala Lumpur,Plaza Low Yat @ Bukit Bintang,2.772
Quill City Mall Kuala Lumpur,Plaza Salak Park,13.52
Quill City Mall Kuala Lumpur,PUDU PLAZA SHOPPING MALL,4.177
Quill City Mall Kuala Lumpur,Quill City Mall Kuala Lumpur,0
Quill City Mall Kuala Lumpur,Setapak Central Mall,7.084
Quill City Mall Kuala Lumpur,SOGO Kuala Lumpur,1.804
Quill City Mall Kuala Lumpur,The Starhill,2.799
Quill City Mall Kuala Lumpur,Sungei Wang Plaza,3.292
Quill City Mall Kuala Lumpur,Sunway Putra Mall,2.608
Quill City Mall Kuala Lumpur,Sunway Velocity Mall,7.824
Quill City Mall Kuala Lumpur,Suria KLCC,1.64
Quill City Mall Kuala Lumpur,The LINC KL,3.433
Quill City Mall Kuala Lumpur,The Weld | Menara Weld,1.403
Setapak Central Mall,AEON Mall Taman Maluri,14.241
Setapak Central Mall,Aurora Place Bukit Jalil,27.339
Setapak Central Mall,Avenue K Shopping Mall,9.381
Setapak Central Mall,Bangsar Shopping Centre,13.058
Setapak Central Mall,Berjaya Times Square,12.107
Setapak Central Mall,Brem Mall Shopping Complex,10.652
Setapak Central Mall,Bukit Bintang Plaza,10.864
Setapak Central Mall,Damansara City Mall,11.842
Setapak Central Mall,Endah Parade,22.296
Setapak Central Mall,Fahrenheit88,10.466
Setapak Central Mall,Glo Damansara Shopping Mall,17.371
Setapak Central Mall,Great Eastern Mall,8.764
Setapak Central Mall,Hartamas Shopping Centre,13.141
Setapak Central Mall,IKEA Cheras,11.379
Setapak Central Mall,"Imbi Plaza, Kuala Lumpur",10.981
Setapak Central Mall,Intermark Mall,7.651
Setapak Central Mall,KWC Fashion Wholesale,13.375
Setapak Central Mall,"INC, KL Eco City",14.607
Setapak Central Mall,KL Gateway Mall,15.011
Setapak Central Mall,Lot 10,10.658
Setapak Central Mall,Lotus's Kepong,12.622
Setapak Central Mall,M3 Shopping Mall,2.186
Setapak Central Mall,Mid Valley Megamall,14.047
Setapak Central Mall,LaLaport Bukit Bintang City Centre,12.462
Setapak Central Mall,MyTOWN Shopping Centre,11.149
Setapak Central Mall,NU Sentral Shopping Mall,12.424
Setapak Central Mall,Pavillion Bukit Jalil,27.958
Setapak Central Mall,Pavillion Damansara Heights,12.146
Setapak Central Mall,Pavillion Kuala Lumpur,9.993
Setapak Central Mall,Pertama Complex | First Shopping Center,7.412
Setapak Central Mall,Plaza Low Yat @ Bukit Bintang,12.114
Setapak Central Mall,Plaza Salak Park,18.143
Setapak Central Mall,PUDU PLAZA SHOPPING MALL,11.883
Setapak Central Mall,Quill City Mall Kuala Lumpur,7.032
Setapak Central Mall,Setapak Central Mall,0
Setapak Central Mall,SOGO Kuala Lumpur,7.297
Setapak Central Mall,The Starhill,10.679
Setapak Central Mall,Sungei Wang Plaza,10.94
Setapak Central Mall,Sunway Putra Mall,6.879
Setapak Central Mall,Sunway Velocity Mall,12.447
Setapak Central Mall,Suria KLCC,10.274
Setapak Central Mall,The LINC KL,9.36
Setapak Central Mall,The Weld | Menara Weld,8.4
SOGO Kuala Lumpur,AEON Mall Taman Maluri,7.737
SOGO Kuala Lumpur,Aurora Place Bukit Jalil,17.824
SOGO Kuala Lumpur,Avenue K Shopping Mall,2.854
SOGO Kuala Lumpur,Bangsar Shopping Centre,6.169
SOGO Kuala Lumpur,Berjaya Times Square,4.695
SOGO Kuala Lumpur,Brem Mall Shopping Complex,7.253
SOGO Kuala Lumpur,Bukit Bintang Plaza,5.007
SOGO Kuala Lumpur,Damansara City Mall,4.953
SOGO Kuala Lumpur,Endah Parade,15.618
SOGO Kuala Lumpur,Fahrenheit88,3.737
SOGO Kuala Lumpur,Glo Damansara Shopping Mall,10.482
SOGO Kuala Lumpur,Great Eastern Mall,6.945
SOGO Kuala Lumpur,Hartamas Shopping Centre,6.799
SOGO Kuala Lumpur,IKEA Cheras,10.067
SOGO Kuala Lumpur,"Imbi Plaza, Kuala Lumpur",4.429
SOGO Kuala Lumpur,Intermark Mall,4.174
SOGO Kuala Lumpur,KWC Fashion Wholesale,5.22
SOGO Kuala Lumpur,"INC, KL Eco City",6.813
SOGO Kuala Lumpur,KL Gateway Mall,7.789
SOGO Kuala Lumpur,Lot 10,3.929
SOGO Kuala Lumpur,Lotus's Kepong,10.135
SOGO Kuala Lumpur,M3 Shopping Mall,10.086
SOGO Kuala Lumpur,Mid Valley Megamall,6.253
SOGO Kuala Lumpur,LaLaport Bukit Bintang City Centre,5.05
SOGO Kuala Lumpur,MyTOWN Shopping Centre,9.837
SOGO Kuala Lumpur,NU Sentral Shopping Mall,4.63
SOGO Kuala Lumpur,Pavillion Bukit Jalil,18.443
SOGO Kuala Lumpur,Pavillion Damansara Heights,5.257
SOGO Kuala Lumpur,Pavillion Kuala Lumpur,3.261
SOGO Kuala Lumpur,Pertama Complex | First Shopping Center,0.345
SOGO Kuala Lumpur,Plaza Low Yat @ Bukit Bintang,4.495
SOGO Kuala Lumpur,Plaza Salak Park,10.701
SOGO Kuala Lumpur,PUDU PLAZA SHOPPING MALL,5.553
SOGO Kuala Lumpur,Quill City Mall Kuala Lumpur,1.186
SOGO Kuala Lumpur,Setapak Central Mall,8.155
SOGO Kuala Lumpur,SOGO Kuala Lumpur,0
SOGO Kuala Lumpur,The Starhill,4.876
SOGO Kuala Lumpur,Sungei Wang Plaza,4.499
SOGO Kuala Lumpur,Sunway Putra Mall,2.149
SOGO Kuala Lumpur,Sunway Velocity Mall,7.625
SOGO Kuala Lumpur,Suria KLCC,2.791
SOGO Kuala Lumpur,The LINC KL,4.584
SOGO Kuala Lumpur,The Weld | Menara Weld,2.588
The Starhill,AEON Mall Taman Maluri,4.478
The Starhill,Aurora Place Bukit Jalil,16.38
The Starhill,Avenue K Shopping Mall,2.093
The Starhill,Bangsar Shopping Centre,9.681
The Starhill,Berjaya Times Square,0.602
The Starhill,Brem Mall Shopping Complex,9.488
The Starhill,Bukit Bintang Plaza,0.184
The Starhill,Damansara City Mall,8.465
The Starhill,Endah Parade,14.871
The Starhill,Fahrenheit88,0.456
The Starhill,Glo Damansara Shopping Mall,13.993
The Starhill,Great Eastern Mall,8.009
The Starhill,Hartamas Shopping Centre,9.035
The Starhill,IKEA Cheras,3.799
The Starhill,"Imbi Plaza, Kuala Lumpur",0.501
The Starhill,Intermark Mall,4.025
The Starhill,KWC Fashion Wholesale,1.869
The Starhill,"INC, KL Eco City",8.38
The Starhill,KL Gateway Mall,8.505
The Starhill,Lot 10,0.83
The Starhill,Lotus's Kepong,12.37
The Starhill,M3 Shopping Mall,12.619
The Starhill,Mid Valley Megamall,7.82
The Starhill,LaLaport Bukit Bintang City Centre,0.957
The Starhill,MyTOWN Shopping Centre,3.395
The Starhill,NU Sentral Shopping Mall,6.031
The Starhill,Pavillion Bukit Jalil,16.999
The Starhill,Pavillion Damansara Heights,8.769
The Starhill,Pavillion Kuala Lumpur,0.766
The Starhill,Pertama Complex | First Shopping Center,3.118
The Starhill,Plaza Low Yat @ Bukit Bintang,0.353
The Starhill,Plaza Salak Park,9.256
The Starhill,PUDU PLAZA SHOPPING MALL,1.839
The Starhill,Quill City Mall Kuala Lumpur,3.959
The Starhill,Setapak Central Mall,10.689
The Starhill,SOGO Kuala Lumpur,3.002
The Starhill,The Starhill,0
The Starhill,Sungei Wang Plaza,0.331
The Starhill,Sunway Putra Mall,5.76
The Starhill,Sunway Velocity Mall,3.256
The Starhill,Suria KLCC,1.724
The Starhill,The LINC KL,3.096
The Starhill,The Weld | Menara Weld,0.819
Sungei Wang Plaza,AEON Mall Taman Maluri,4.435
Sungei Wang Plaza,Aurora Place Bukit Jalil,16.337
Sungei Wang Plaza,Avenue K Shopping Mall,2.244
Sungei Wang Plaza,Bangsar Shopping Centre,7.909
Sungei Wang Plaza,Berjaya Times Square,0.483
Sungei Wang Plaza,Brem Mall Shopping Complex,9.639
Sungei Wang Plaza,Bukit Bintang Plaza,0.307
Sungei Wang Plaza,Damansara City Mall,6.693
Sungei Wang Plaza,Endah Parade,14.131
Sungei Wang Plaza,Fahrenheit88,0.632
Sungei Wang Plaza,Glo Damansara Shopping Mall,12.221
Sungei Wang Plaza,Great Eastern Mall,7.966
Sungei Wang Plaza,Hartamas Shopping Centre,9.185
Sungei Wang Plaza,IKEA Cheras,3.756
Sungei Wang Plaza,"Imbi Plaza, Kuala Lumpur",0.016
Sungei Wang Plaza,Intermark Mall,4.202
Sungei Wang Plaza,KWC Fashion Wholesale,1.75
Sungei Wang Plaza,"INC, KL Eco City",8.261
Sungei Wang Plaza,KL Gateway Mall,8.386
Sungei Wang Plaza,Lot 10,1.006
Sungei Wang Plaza,Lotus's Kepong,12.521
Sungei Wang Plaza,M3 Shopping Mall,12.795
Sungei Wang Plaza,Mid Valley Megamall,7.7
Sungei Wang Plaza,LaLaport Bukit Bintang City Centre,0.837
Sungei Wang Plaza,MyTOWN Shopping Centre,3.352
Sungei Wang Plaza,NU Sentral Shopping Mall,5.381
Sungei Wang Plaza,Pavillion Bukit Jalil,16.956
Sungei Wang Plaza,Pavillion Damansara Heights,6.997
Sungei Wang Plaza,Pavillion Kuala Lumpur,0.943
Sungei Wang Plaza,Pertama Complex | First Shopping Center,3.269
Sungei Wang Plaza,Plaza Low Yat @ Bukit Bintang,0.022
Sungei Wang Plaza,Plaza Salak Park,9.213
Sungei Wang Plaza,PUDU PLAZA SHOPPING MALL,1.684
Sungei Wang Plaza,Quill City Mall Kuala Lumpur,4.11
Sungei Wang Plaza,Setapak Central Mall,10.865
Sungei Wang Plaza,SOGO Kuala Lumpur,3.153
Sungei Wang Plaza,The Starhill,0.176
Sungei Wang Plaza,Sungei Wang Plaza,0
Sungei Wang Plaza,Sunway Putra Mall,5.911
Sungei Wang Plaza,Sunway Velocity Mall,3.1
Sungei Wang Plaza,Suria KLCC,1.875
Sungei Wang Plaza,The LINC KL,3.273
Sungei Wang Plaza,The Weld | Menara Weld,0.97
Sunway Putra Mall,AEON Mall Taman Maluri,9.524
Sunway Putra Mall,Aurora Place Bukit Jalil,19.611
Sunway Putra Mall,Avenue K Shopping Mall,3.91
Sunway Putra Mall,Bangsar Shopping Centre,8.6
Sunway Putra Mall,Berjaya Times Square,6.481
Sunway Putra Mall,Brem Mall Shopping Complex,6.543
Sunway Putra Mall,Bukit Bintang Plaza,6.793
Sunway Putra Mall,Damansara City Mall,7.383
Sunway Putra Mall,Endah Parade,17.404
Sunway Putra Mall,Fahrenheit88,4.793
Sunway Putra Mall,Glo Damansara Shopping Mall,12.912
Sunway Putra Mall,Great Eastern Mall,8.001
Sunway Putra Mall,Hartamas Shopping Centre,6.089
Sunway Putra Mall,IKEA Cheras,8.619
Sunway Putra Mall,"Imbi Plaza, Kuala Lumpur",6.215
Sunway Putra Mall,Intermark Mall,5.229
Sunway Putra Mall,KWC Fashion Wholesale,7.007
Sunway Putra Mall,"INC, KL Eco City",8.6
Sunway Putra Mall,KL Gateway Mall,9.575
Sunway Putra Mall,Lot 10,4.984
Sunway Putra Mall,Lotus's Kepong,9.425
Sunway Putra Mall,M3 Shopping Mall,8.614
Sunway Putra Mall,Mid Valley Megamall,8.039
Sunway Putra Mall,LaLaport Bukit Bintang City Centre,6.836
Sunway Putra Mall,MyTOWN Shopping Centre,8.388
Sunway Putra Mall,NU Sentral Shopping Mall,6.417
Sunway Putra Mall,Pavillion Bukit Jalil,20.23
Sunway Putra Mall,Pavillion Damansara Heights,7.688
Sunway Putra Mall,Pavillion Kuala Lumpur,4.317
Sunway Putra Mall,Pertama Complex | First Shopping Center,3.572
Sunway Putra Mall,Plaza Low Yat @ Bukit Bintang,6.281
Sunway Putra Mall,Plaza Salak Park,12.487
Sunway Putra Mall,PUDU PLAZA SHOPPING MALL,7.339
Sunway Putra Mall,Quill City Mall Kuala Lumpur,2.241
Sunway Putra Mall,Setapak Central Mall,6.683
Sunway Putra Mall,SOGO Kuala Lumpur,3.448
Sunway Putra Mall,The Starhill,6.663
Sunway Putra Mall,Sungei Wang Plaza,6.285
Sunway Putra Mall,Sunway Putra Mall,0
Sunway Putra Mall,Sunway Velocity Mall,9.411
Sunway Putra Mall,Suria KLCC,3.846
Sunway Putra Mall,The LINC KL,5.64
Sunway Putra Mall,The Weld | Menara Weld,3.61
Sunway Velocity Mall,AEON Mall Taman Maluri,1.338
Sunway Velocity Mall,Aurora Place Bukit Jalil,15.139
Sunway Velocity Mall,Avenue K Shopping Mall,6.246
Sunway Velocity Mall,Bangsar Shopping Centre,11.544
Sunway Velocity Mall,Berjaya Times Square,3.093
Sunway Velocity Mall,Brem Mall Shopping Complex,14.62
Sunway Velocity Mall,Bukit Bintang Plaza,3.441
Sunway Velocity Mall,Damansara City Mall,10.328
Sunway Velocity Mall,Endah Parade,12.975
Sunway Velocity Mall,Fahrenheit88,4.205
Sunway Velocity Mall,Glo Damansara Shopping Mall,15.856
Sunway Velocity Mall,Great Eastern Mall,8.039
Sunway Velocity Mall,Hartamas Shopping Centre,13.297
Sunway Velocity Mall,IKEA Cheras,1.147
Sunway Velocity Mall,"Imbi Plaza, Kuala Lumpur",4.045
Sunway Velocity Mall,Intermark Mall,5.369
Sunway Velocity Mall,KWC Fashion Wholesale,2.77
Sunway Velocity Mall,"INC, KL Eco City",10.998
Sunway Velocity Mall,KL Gateway Mall,10.435
Sunway Velocity Mall,Lot 10,4.344
Sunway Velocity Mall,Lotus's Kepong,17.301
Sunway Velocity Mall,M3 Shopping Mall,18.719
Sunway Velocity Mall,Mid Valley Megamall,10.437
Sunway Velocity Mall,LaLaport Bukit Bintang City Centre,2.82
Sunway Velocity Mall,MyTOWN Shopping Centre,0.669
Sunway Velocity Mall,NU Sentral Shopping Mall,7.894
Sunway Velocity Mall,Pavillion Bukit Jalil,15.758
Sunway Velocity Mall,Pavillion Damansara Heights,10.632
Sunway Velocity Mall,Pavillion Kuala Lumpur,4.077
Sunway Velocity Mall,Pertama Complex | First Shopping Center,6.089
Sunway Velocity Mall,Plaza Low Yat @ Bukit Bintang,4.111
Sunway Velocity Mall,Plaza Salak Park,8.015
Sunway Velocity Mall,PUDU PLAZA SHOPPING MALL,2.449
Sunway Velocity Mall,Quill City Mall Kuala Lumpur,9.329
Sunway Velocity Mall,Setapak Central Mall,12.033
Sunway Velocity Mall,SOGO Kuala Lumpur,5.965
Sunway Velocity Mall,The Starhill,3.31
Sunway Velocity Mall,Sungei Wang Plaza,3.089
Sunway Velocity Mall,Sunway Putra Mall,9.218
Sunway Velocity Mall,Sunway Velocity Mall,0
Sunway Velocity Mall,Suria KLCC,5.427
Sunway Velocity Mall,The LINC KL,4.44
Sunway Velocity Mall,The Weld | Menara Weld,5.04
Suria KLCC,AEON Mall Taman Maluri,6.212
Suria KLCC,Aurora Place Bukit Jalil,18.12
Suria KLCC,Avenue K Shopping Mall,0.898
Suria KLCC,Bangsar Shopping Centre,10.176
Suria KLCC,Berjaya Times Square,2.357
Suria KLCC,Brem Mall Shopping Complex,9.296
Suria KLCC,Bukit Bintang Plaza,2.036
Suria KLCC,Damansara City Mall,8.959
Suria KLCC,Endah Parade,15.267
Suria KLCC,Fahrenheit88,1.638
Suria KLCC,Glo Damansara Shopping Mall,14.488
Suria KLCC,Great Eastern Mall,3.838
Suria KLCC,Hartamas Shopping Centre,8.843
Suria KLCC,IKEA Cheras,4.48
Suria KLCC,"Imbi Plaza, Kuala Lumpur",2.385
Suria KLCC,Intermark Mall,1.824
Suria KLCC,KWC Fashion Wholesale,3.624
Suria KLCC,"INC, KL Eco City",9.983
Suria KLCC,KL Gateway Mall,10.26
Suria KLCC,Lot 10,1.83
Suria KLCC,Lotus's Kepong,12.178
Suria KLCC,M3 Shopping Mall,12.013
Suria KLCC,Mid Valley Megamall,9.423
Suria KLCC,LaLaport Bukit Bintang City Centre,2.712
Suria KLCC,MyTOWN Shopping Centre,4.23
Suria KLCC,NU Sentral Shopping Mall,7.8
Suria KLCC,Pavillion Bukit Jalil,18.739
Suria KLCC,Pavillion Damansara Heights,9.263
Suria KLCC,Pavillion Kuala Lumpur,1.162
Suria KLCC,Pertama Complex | First Shopping Center,2.926
Suria KLCC,Plaza Low Yat @ Bukit Bintang,2.491
Suria KLCC,Plaza Salak Park,10.99
Suria KLCC,PUDU PLAZA SHOPPING MALL,3.229
Suria KLCC,Quill City Mall Kuala Lumpur,3.767
Suria KLCC,Setapak Central Mall,10.083
Suria KLCC,SOGO Kuala Lumpur,2.81
Suria KLCC,The Starhill,1.851
Suria KLCC,Sungei Wang Plaza,2.345
Suria KLCC,Sunway Putra Mall,7.268
Suria KLCC,Sunway Velocity Mall,5.323
Suria KLCC,Suria KLCC,0
Suria KLCC,The LINC KL,1.462
Suria KLCC,The Weld | Menara Weld,1.337
The Gardens Mall,The Gardens Mall,0
The LINC KL,AEON Mall Taman Maluri,5.135
The LINC KL,Aurora Place Bukit Jalil,17.157
The LINC KL,Avenue K Shopping Mall,1.868
The LINC KL,Bangsar Shopping Centre,11.297
The LINC KL,Berjaya Times Square,4.116
The LINC KL,Brem Mall Shopping Complex,10.555
The LINC KL,Bukit Bintang Plaza,2.872
The LINC KL,Damansara City Mall,10.081
The LINC KL,Endah Parade,14.304
The LINC KL,Fahrenheit88,2.475
The LINC KL,Glo Damansara Shopping Mall,15.61
The LINC KL,Great Eastern Mall,3.173
The LINC KL,Hartamas Shopping Centre,10.101
The LINC KL,IKEA Cheras,3.388
The LINC KL,"Imbi Plaza, Kuala Lumpur",2.989
The LINC KL,Intermark Mall,1.263
The LINC KL,KWC Fashion Wholesale,5.383
The LINC KL,"INC, KL Eco City",13.134
The LINC KL,KL Gateway Mall,12.571
The LINC KL,Lot 10,2.666
The LINC KL,Lotus's Kepong,13.2
The LINC KL,M3 Shopping Mall,10.693
The LINC KL,Mid Valley Megamall,12.573
The LINC KL,LaLaport Bukit Bintang City Centre,4.471
The LINC KL,MyTOWN Shopping Centre,3.158
The LINC KL,NU Sentral Shopping Mall,10.663
The LINC KL,Pavillion Bukit Jalil,17.776
The LINC KL,Pavillion Damansara Heights,10.385
The LINC KL,Pavillion Kuala Lumpur,1.997
The LINC KL,Pertama Complex | First Shopping Center,4.968
The LINC KL,Plaza Low Yat @ Bukit Bintang,3.095
The LINC KL,Plaza Salak Park,10.152
The LINC KL,PUDU PLAZA SHOPPING MALL,3.891
The LINC KL,Quill City Mall Kuala Lumpur,4.377
The LINC KL,Setapak Central Mall,7.932
The LINC KL,SOGO Kuala Lumpur,4.853
The LINC KL,The Starhill,2.688
The LINC KL,Sungei Wang Plaza,2.949
The LINC KL,Sunway Putra Mall,5.117
The LINC KL,Sunway Velocity Mall,4.455
The LINC KL,Suria KLCC,1.336
The LINC KL,The LINC KL,0
The LINC KL,The Weld | Menara Weld,2.791
The Weld | Menara Weld,AEON Mall Taman Maluri,5.928
The Weld | Menara Weld,Aurora Place Bukit Jalil,17.836
The Weld | Menara Weld,Avenue K Shopping Mall,1.575
The Weld | Menara Weld,Bangsar Shopping Centre,7.595
The Weld | Menara Weld,Berjaya Times Square,2.073
The Weld | Menara Weld,Brem Mall Shopping Complex,8.971
The Weld | Menara Weld,Bukit Bintang Plaza,1.752
The Weld | Menara Weld,Damansara City Mall,6.379
The Weld | Menara Weld,Endah Parade,14.983
The Weld | Menara Weld,Fahrenheit88,1.355
The Weld | Menara Weld,Glo Damansara Shopping Mall,11.908
The Weld | Menara Weld,Great Eastern Mall,5.868
The Weld | Menara Weld,Hartamas Shopping Centre,8.517
The Weld | Menara Weld,IKEA Cheras,4.196
The Weld | Menara Weld,"Imbi Plaza, Kuala Lumpur",2.704
The Weld | Menara Weld,Intermark Mall,2.501
The Weld | Menara Weld,KWC Fashion Wholesale,3.341
The Weld | Menara Weld,"INC, KL Eco City",7.252
The Weld | Menara Weld,KL Gateway Mall,7.747
The Weld | Menara Weld,Lot 10,1.546
The Weld | Menara Weld,Lotus's Kepong,11.853
The Weld | Menara Weld,M3 Shopping Mall,12.731
The Weld | Menara Weld,Mid Valley Megamall,6.692
The Weld | Menara Weld,LaLaport Bukit Bintang City Centre,2.428
The Weld | Menara Weld,MyTOWN Shopping Centre,4.203
The Weld | Menara Weld,NU Sentral Shopping Mall,5.069
The Weld | Menara Weld,Pavillion Bukit Jalil,18.455
The Weld | Menara Weld,Pavillion Damansara Heights,6.683
The Weld | Menara Weld,Pavillion Kuala Lumpur,0.879
The Weld | Menara Weld,Pertama Complex | First Shopping Center,2.601
The Weld | Menara Weld,Plaza Low Yat @ Bukit Bintang,1.237
The Weld | Menara Weld,Plaza Salak Park,10.706
The Weld | Menara Weld,PUDU PLAZA SHOPPING MALL,2.946
The Weld | Menara Weld,Quill City Mall Kuala Lumpur,3.442
The Weld | Menara Weld,Setapak Central Mall,10.801
The Weld | Menara Weld,SOGO Kuala Lumpur,2.485
The Weld | Menara Weld,The Starhill,1.568
The Weld | Menara Weld,Sungei Wang Plaza,1.343
The Weld | Menara Weld,Sunway Putra Mall,5.243
The Weld | Menara Weld,Sunway Velocity Mall,4.844
The Weld | Menara Weld,Suria KLCC,1.207
The Weld | Menara Weld,The LINC KL,3.209
The Weld | Menara Weld,The Weld | Menara Weld,0
